shipment_order_id,shipment_created_date,label_id,label_legacy_id,account_id,shipment_id,order_id,box_id,box_name,status,tracking_number,alternate_tracking_id,order_number,order_account_id,carrier,shipping_name,shipping_method,cost,box_code,device_id,delivered,picked_up,refunded,needs_refund,profile,partner_fulfillment_id,full_size_to_print,packing_slip,warehouse,warehouse_id,insurance_amount,carrier_account_id,source,label_created_date,tracking_url,package_number,parcelview_url,tracking_status,in_shipping_container,shipping_container_id,dim_weight,dim_height,dim_width,dim_length
T3JkZXI6Nzk2NjU3NjY5,2026-04-13T14:39:14,U2hpcHBpbmdMYWJlbDo2MDMyMjk2Nzk=,603229679,QWNjb3VudDo4MzY2Mw==,U2hpcG1lbnQ6NzgyMDg4NDI3,T3JkZXI6Nzk2NjU3NjY5,56814,L-POLY,valid,9234690380878200009086,9234690380878200009086,796657669,85157,usps_modern,Standard Shipping,USPS_GROUND_ADVANTAGE,7.88,02,shipping web,,,,,default,6092178915552,[],,Primary,115706,0.00,41752,shipping web,2026-04-13T14:39:14,https://tools.usps.com/go/TrackConfirmAction_input?strOrigTrackNum=9234690380878200009086,1,,UNKNOWN,False,,1.5562 lb,1.0000 inch,12.00 inch,20.00 inch
T3JkZXI6Nzk2ODk1MDE1,2026-04-13T14:40:44,U2hpcHBpbmdMYWJlbDo2MDMyMzE3OTM=,603231793,QWNjb3VudDo4MzY2Mw==,U2hpcG1lbnQ6NzgyMDkwNjIw,T3JkZXI6Nzk2ODk1MDE1,49981,POLY BUBBLE #00,valid,9200190380878200004591,9200190380878200004591,796895015,84983,usps_modern,$6.99 Standard shipping (3-5 days),USPS_GROUND_ADVANTAGE,5.22,02,bulk ship,,,,,default,6466218885311,[],,Primary,115706,0.00,41752,bulk ship,2026-04-13T14:40:44,https://tools.usps.com/go/TrackConfirmAction_input?strOrigTrackNum=9200190380878200004591,1,,UNKNOWN,False,,0.2200 lb,2.0000 inch,4.80 inch,8.65 inch
T3JkZXI6Nzk2MzAxMTM5,2026-04-13T14:40:49,U2hpcHBpbmdMYWJlbDo2MDMyMzE5Mzk=,603231939,QWNjb3VudDo4MzY2Mw==,U2hpcG1lbnQ6NzgyMDkwNzcx,T3JkZXI6Nzk2MzAxMTM5,49981,POLY BUBBLE #00,valid,9200190380878200004607,9200190380878200004607,796301139,84983,usps_modern,$4.99 Standard shipping (3-5 days),USPS_GROUND_ADVANTAGE,5.00,02,bulk ship,,,,,default,6466219409599,[],,Primary,115706,0.00,41752,bulk ship,2026-04-13T14:40:49,https://tools.usps.com/go/TrackConfirmAction_input?strOrigTrackNum=9200190380878200004607,1,,UNKNOWN,False,,0.2200 lb,2.0000 inch,4.80 inch,8.65 inch
T3JkZXI6Nzk2NTIzMDIw,2026-04-13T14:40:53,U2hpcHBpbmdMYWJlbDo2MDMyMzIwNzQ=,603232074,QWNjb3VudDo4MzY2Mw==,U2hpcG1lbnQ6NzgyMDkwOTEx,T3JkZXI6Nzk2NTIzMDIw,49981,POLY BUBBLE #00,valid,9200190380878200004614,9200190380878200004614,796523020,84983,usps_modern,$4.99 Standard shipping (3-5 days),USPS_GROUND_ADVANTAGE,5.20,02,bulk ship,,,,,default,6466219868351,[],,Primary,115706,0.00,41752,bulk ship,2026-04-13T14:40:53,https://tools.usps.com/go/TrackConfirmAction_input?strOrigTrackNum=9200190380878200004614,1,,UNKNOWN,False,,0.2200 lb,2.0000 inch,4.80 inch,8.65 inch
T3JkZXI6Nzk2MTA3MzE3,2026-04-13T14:43:51,U2hpcHBpbmdMYWJlbDo2MDMyMzY2ODU=,603236685,QWNjb3VudDo4MzY2Mw==,U2hpcG1lbnQ6NzgyMDk1NzY0,T3JkZXI6Nzk2MTA3MzE3,46874,S-POLY,valid,9200190380878200004621,9200190380878200004621,796107317,83998,usps_modern,USPS Ground Advantage,USPS_GROUND_ADVANTAGE,5.07,02,shipping web,,,,,default,5986006204734,[],,Primary,115706,0.00,41752,shipping web,2026-04-13T14:43:51,https://tools.usps.com/go/TrackConfirmAction_input?strOrigTrackNum=9200190380878200004621,1,,UNKNOWN,False,,0.2000 lb,2.0000 inch,10.00 inch,12.00 inch
T3JkZXI6Nzk2MTc5NzEx,2026-04-13T14:44:09,U2hpcHBpbmdMYWJlbDo2MDMyMzcyMzY=,603237236,QWNjb3VudDo4MzY2Mw==,U2hpcG1lbnQ6NzgyMDk2MzI4,T3JkZXI6Nzk2MTc5NzEx,49982,POLY BUBBLE #0,valid,9200190380878200004645,9200190380878200004645,796179711,84983,usps_modern,$6.99 Standard shipping (3-5 days),USPS_GROUND_ADVANTAGE,6.22,02,bulk ship,,,,,default,6466240839871,[],,Primary,115706,0.00,41752,bulk ship,2026-04-13T14:44:10,https://tools.usps.com/go/TrackConfirmAction_input?strOrigTrackNum=9200190380878200004645,1,,UNKNOWN,False,,0.7100 lb,2.0000 inch,5.80 inch,8.70 inch
T3JkZXI6Nzk1OTc1MjU3,2026-04-13T14:44:10,U2hpcHBpbmdMYWJlbDo2MDMyMzcyNDM=,603237243,QWNjb3VudDo4MzY2Mw==,U2hpcG1lbnQ6NzgyMDk2MzMz,T3JkZXI6Nzk1OTc1MjU3,49982,POLY BUBBLE #0,valid,9200190380878200004652,9200190380878200004652,795975257,84983,usps_modern,$6.99 Standard shipping (3-5 days),USPS_GROUND_ADVANTAGE,6.60,02,bulk ship,,,,,default,6466240676031,[],,Primary,115706,0.00,41752,bulk ship,2026-04-13T14:44:10,https://tools.usps.com/go/TrackConfirmAction_input?strOrigTrackNum=9200190380878200004652,1,,UNKNOWN,False,,0.7100 lb,2.0000 inch,5.80 inch,8.70 inch
T3JkZXI6Nzk3MDY4NTI0,2026-04-13T14:44:10,U2hpcHBpbmdMYWJlbDo2MDMyMzcyNjE=,603237261,QWNjb3VudDo4MzY2Mw==,U2hpcG1lbnQ6NzgyMDk2MzQ3,T3JkZXI6Nzk3MDY4NTI0,49982,POLY BUBBLE #0,valid,9200190380878200004638,9200190380878200004638,797068524,84983,usps_modern,$6.99 Standard shipping (3-5 days),USPS_GROUND_ADVANTAGE,6.24,02,bulk ship,,,,,default,6466241200319,[],,Primary,115706,0.00,41752,bulk ship,2026-04-13T14:44:10,https://tools.usps.com/go/TrackConfirmAction_input?strOrigTrackNum=9200190380878200004638,1,,UNKNOWN,False,,0.7100 lb,2.0000 inch,5.80 inch,8.70 inch
T3JkZXI6Nzk2MTkzODkx,2026-04-13T14:44:12,U2hpcHBpbmdMYWJlbDo2MDMyMzczNDA=,603237340,QWNjb3VudDo4MzY2Mw==,U2hpcG1lbnQ6NzgyMDk2NDMw,T3JkZXI6Nzk2MTkzODkx,49982,POLY BUBBLE #0,valid,9200190380878200004669,9200190380878200004669,796193891,84983,usps_modern,$6.99 Standard shipping (3-5 days),USPS_GROUND_ADVANTAGE,6.22,02,bulk ship,,,,,default,6466241364159,[],,Primary,115706,0.00,41752,bulk ship,2026-04-13T14:44:12,https://tools.usps.com/go/TrackConfirmAction_input?strOrigTrackNum=9200190380878200004669,1,,UNKNOWN,False,,0.7100 lb,2.0000 inch,5.80 inch,8.70 inch
T3JkZXI6Nzk2NzY4MjUw,2026-04-13T14:44:16,U2hpcHBpbmdMYWJlbDo2MDMyMzc0MzU=,603237435,QWNjb3VudDo4MzY2Mw==,U2hpcG1lbnQ6NzgyMDk2NTMw,T3JkZXI6Nzk2NzY4MjUw,49982,POLY BUBBLE #0,valid,9200190380878200004676,9200190380878200004676,796768250,84983,usps_modern,$6.99 Standard shipping (3-5 days),USPS_GROUND_ADVANTAGE,6.22,02,bulk ship,,,,,default,6466241888447,[],,Primary,115706,0.00,41752,bulk ship,2026-04-13T14:44:16,https://tools.usps.com/go/TrackConfirmAction_input?strOrigTrackNum=9200190380878200004676,1,,UNKNOWN,False,,0.7100 lb,2.0000 inch,5.80 inch,8.70 inch
T3JkZXI6Nzk3MDM4ODI0,2026-04-13T14:45:40,U2hpcHBpbmdMYWJlbDo2MDMyMzk3ODg=,603239788,QWNjb3VudDo4MzY2Mw==,U2hpcG1lbnQ6NzgyMDk4OTM2,T3JkZXI6Nzk3MDM4ODI0,46875,M-POLY,valid,9234690380878200009093,9234690380878200009093,797038824,84985,usps_modern,Economy,USPS_GROUND_ADVANTAGE,10.41,02,shipping web,,,,,default,6236548071702,[],,Primary,115706,0.00,41752,shipping web,2026-04-13T14:45:40,https://tools.usps.com/go/TrackConfirmAction_input?strOrigTrackNum=9234690380878200009093,1,,UNKNOWN,False,,2.0400 lb,2.0000 inch,14.50 inch,16.00 inch
T3JkZXI6Nzk2Nzg0ODg4,2026-04-13T14:47:16,U2hpcHBpbmdMYWJlbDo2MDMyNDE5ODY=,603241986,QWNjb3VudDo4MzY2Mw==,U2hpcG1lbnQ6NzgyMTAxMTg3,T3JkZXI6Nzk2Nzg0ODg4,56814,L-POLY,valid,9234690380878200009109,9234690380878200009109,796784888,84985,usps_modern,Economy,USPS_GROUND_ADVANTAGE,7.41,02,shipping web,,,,,default,6236553609494,[],,Primary,115706,0.00,41752,shipping web,2026-04-13T14:47:16,https://tools.usps.com/go/TrackConfirmAction_input?strOrigTrackNum=9234690380878200009109,1,,UNKNOWN,False,,2.1000 lb,1.0000 inch,12.00 inch,20.00 inch
T3JkZXI6Nzk2Mzc4ODIx,2026-04-13T14:49:19,U2hpcHBpbmdMYWJlbDo2MDMyNDQ3OTE=,603244791,QWNjb3VudDo4MzY2Mw==,U2hpcG1lbnQ6NzgyMTA0MDM5,T3JkZXI6Nzk2Mzc4ODIx,56814,L-POLY,valid,9234690380878200009116,9234690380878200009116,796378821,84985,usps_modern,Economy,USPS_GROUND_ADVANTAGE,7.41,02,shipping web,,,,,default,6236558622998,[],,Primary,115706,0.00,41752,shipping web,2026-04-13T14:49:19,https://tools.usps.com/go/TrackConfirmAction_input?strOrigTrackNum=9234690380878200009116,1,,UNKNOWN,False,,2.1000 lb,1.0000 inch,12.00 inch,20.00 inch
T3JkZXI6Nzk2Mjc0MzIx,2026-04-13T14:56:30,U2hpcHBpbmdMYWJlbDo2MDMyNTM5MzA=,603253930,QWNjb3VudDo4MzY2Mw==,U2hpcG1lbnQ6NzgyMTEzNDI5,T3JkZXI6Nzk2Mjc0MzIx,46863,10X8X4,valid,9200190380878200004683,9200190380878200004683,796274321,84984,usps_modern,Fast,USPS_GROUND_ADVANTAGE,5.64,02,shipping web,,,,,default,6645193146538,[],,Primary,115706,0.00,41752,shipping web,2026-04-13T14:56:30,https://tools.usps.com/go/TrackConfirmAction_input?strOrigTrackNum=9200190380878200004683,1,,UNKNOWN,False,,0.6525 lb,4.0000 inch,8.00 inch,10.00 inch
T3JkZXI6Nzk2NjQxNjk5,2026-04-13T15:00:57,U2hpcHBpbmdMYWJlbDo2MDMyNjE0NDk=,603261449,QWNjb3VudDo4MzY2Mw==,U2hpcG1lbnQ6NzgyMTIxMTE3,T3JkZXI6Nzk2NjQxNjk5,49982,POLY BUBBLE #0,valid,9200190380878200004690,9200190380878200004690,796641699,84983,usps_modern,$6.99 Standard shipping (3-5 days),USPS_GROUND_ADVANTAGE,5.89,02,bulk ship,,,,,default,6466289860799,[],,Primary,115706,0.00,41752,bulk ship,2026-04-13T15:00:57,https://tools.usps.com/go/TrackConfirmAction_input?strOrigTrackNum=9200190380878200004690,1,,UNKNOWN,False,,0.7100 lb,2.0000 inch,5.80 inch,8.70 inch
T3JkZXI6Nzk2MjI2NDQ2,2026-04-13T15:01:00,U2hpcHBpbmdMYWJlbDo2MDMyNjE1Mzg=,603261538,QWNjb3VudDo4MzY2Mw==,U2hpcG1lbnQ6NzgyMTIxMjEw,T3JkZXI6Nzk2MjI2NDQ2,49982,POLY BUBBLE #0,valid,9200190380878200004706,9200190380878200004706,796226446,84983,usps_modern,$6.99 Standard shipping (3-5 days),USPS_GROUND_ADVANTAGE,5.78,02,bulk ship,,,,,default,6466290450623,[],,Primary,115706,0.00,41752,bulk ship,2026-04-13T15:01:00,https://tools.usps.com/go/TrackConfirmAction_input?strOrigTrackNum=9200190380878200004706,1,,UNKNOWN,False,,0.7100 lb,2.0000 inch,5.80 inch,8.70 inch
T3JkZXI6Nzk3MDEzMjY1,2026-04-13T15:09:25,U2hpcHBpbmdMYWJlbDo2MDMyNzQyOTQ=,603274294,QWNjb3VudDo4MzY2Mw==,U2hpcG1lbnQ6NzgyMTM0NTU2,T3JkZXI6Nzk3MDEzMjY1,49982,POLY BUBBLE #0,valid,9200190380878200004713,9200190380878200004713,797013265,84983,usps_modern,$6.99 Standard shipping (3-5 days),USPS_GROUND_ADVANTAGE,6.60,02,bulk ship,,,,,default,6466319122623,[],,Primary,115706,0.00,41752,bulk ship,2026-04-13T15:09:25,https://tools.usps.com/go/TrackConfirmAction_input?strOrigTrackNum=9200190380878200004713,1,,UNKNOWN,False,,0.6500 lb,2.0000 inch,5.80 inch,8.70 inch
T3JkZXI6Nzk2NjA5MTI0,2026-04-13T15:16:47,U2hpcHBpbmdMYWJlbDo2MDMyODcxODE=,603287181,QWNjb3VudDo4MzY2Mw==,U2hpcG1lbnQ6NzgyMTQ3OTU3,T3JkZXI6Nzk2NjA5MTI0,46875,M-POLY,valid,9234690380878200009123,9234690380878200009123,796609124,84985,usps_modern,Economy,USPS_GROUND_ADVANTAGE,7.00,02,shipping web,,,,,default,6236627566870,[],,Primary,115706,0.00,41752,shipping web,2026-04-13T15:16:47,https://tools.usps.com/go/TrackConfirmAction_input?strOrigTrackNum=9234690380878200009123,1,,UNKNOWN,False,,2.0400 lb,2.0000 inch,14.50 inch,16.00 inch
T3JkZXI6Nzk3MTEwNjE1,2026-04-13T15:16:51,U2hpcHBpbmdMYWJlbDo2MDMyODcyNjg=,603287268,QWNjb3VudDo4MzY2Mw==,U2hpcG1lbnQ6NzgyMTQ4MDQ3,T3JkZXI6Nzk3MTEwNjE1,46875,M-POLY,valid,9234690380878200009130,9234690380878200009130,797110615,84985,usps_modern,Economy,USPS_GROUND_ADVANTAGE,8.87,02,shipping web,,,,,default,6236627763478,[],,Primary,115706,0.00,41752,shipping web,2026-04-13T15:16:51,https://tools.usps.com/go/TrackConfirmAction_input?strOrigTrackNum=9234690380878200009130,1,,UNKNOWN,False,,2.0400 lb,2.0000 inch,14.50 inch,16.00 inch
T3JkZXI6Nzk2MzEwMTM3,2026-04-13T15:18:19,U2hpcHBpbmdMYWJlbDo2MDMyODk0NDE=,603289441,QWNjb3VudDo4MzY2Mw==,U2hpcG1lbnQ6NzgyMTUwMjg2,T3JkZXI6Nzk2MzEwMTM3,46875,M-POLY,valid,9234690380878200009147,9234690380878200009147,796310137,84985,usps_modern,Economy,USPS_GROUND_ADVANTAGE,7.00,02,shipping web,,,,,default,6236631204118,[],,Primary,115706,0.00,41752,shipping web,2026-04-13T15:18:19,https://tools.usps.com/go/TrackConfirmAction_input?strOrigTrackNum=9234690380878200009147,1,,UNKNOWN,False,,2.0400 lb,2.0000 inch,14.50 inch,16.00 inch
T3JkZXI6Nzk2NzY4NDAw,2026-04-13T15:18:42,U2hpcHBpbmdMYWJlbDo2MDMyODk5NjM=,603289963,QWNjb3VudDo4MzY2Mw==,U2hpcG1lbnQ6NzgyMTUwODI5,T3JkZXI6Nzk2NzY4NDAw,49983,POLY BUBBLE #1,valid,9200190380878200004720,9200190380878200004720,796768400,84983,usps_modern,$4.99 Standard shipping (3-5 days),USPS_GROUND_ADVANTAGE,5.16,02,bulk ship,,,,,default,6466343895231,[],,Primary,115706,0.00,41752,bulk ship,2026-04-13T15:18:42,https://tools.usps.com/go/TrackConfirmAction_input?strOrigTrackNum=9200190380878200004720,1,,UNKNOWN,False,,0.3200 lb,2.0000 inch,7.10 inch,10.70 inch
T3JkZXI6Nzk2MjQ5MjI4,2026-04-13T15:23:45,U2hpcHBpbmdMYWJlbDo2MDMyOTc4NDE=,603297841,QWNjb3VudDo4MzY2Mw==,U2hpcG1lbnQ6NzgyMTU5Mzc2,T3JkZXI6Nzk2MjQ5MjI4,46874,S-POLY,valid,9200190380878200004737,9200190380878200004737,796249228,85157,usps_modern,Standard Shipping,USPS_GROUND_ADVANTAGE,5.77,02,shipping web,,,,,default,6092295012576,[],,Primary,115706,0.00,41752,shipping web,2026-04-13T15:23:45,https://tools.usps.com/go/TrackConfirmAction_input?strOrigTrackNum=9200190380878200004737,1,,UNKNOWN,False,,0.4575 lb,2.0000 inch,10.00 inch,12.00 inch
T3JkZXI6Nzk2ODE4NTI0,2026-04-13T15:27:49,U2hpcHBpbmdMYWJlbDo2MDMzMDQwMDE=,603304001,QWNjb3VudDo4MzY2Mw==,U2hpcG1lbnQ6NzgyMTY1NzM5,T3JkZXI6Nzk2ODE4NTI0,56814,L-POLY,valid,9234690380878200009154,9234690380878200009154,796818524,85157,usps_modern,Standard Shipping,USPS_GROUND_ADVANTAGE,7.00,02,shipping web,,,,,default,6092302680288,[],,Primary,115706,0.00,41752,shipping web,2026-04-13T15:27:49,https://tools.usps.com/go/TrackConfirmAction_input?strOrigTrackNum=9234690380878200009154,1,,UNKNOWN,False,,2.0906 lb,1.0000 inch,12.00 inch,20.00 inch
T3JkZXI6Nzk2NDU0NTkw,2026-04-13T15:28:37,U2hpcHBpbmdMYWJlbDo2MDMzMDU0Mzg=,603305438,QWNjb3VudDo4MzY2Mw==,U2hpcG1lbnQ6NzgyMTY3MTky,T3JkZXI6Nzk2NDU0NTkw,56814,L-POLY,valid,9234690380878200009161,9234690380878200009161,796454590,85157,usps_modern,Standard Shipping,USPS_GROUND_ADVANTAGE,6.83,02,shipping web,,,,,default,6092303696096,[],,Primary,115706,0.00,41752,shipping web,2026-04-13T15:28:37,https://tools.usps.com/go/TrackConfirmAction_input?strOrigTrackNum=9234690380878200009161,1,,UNKNOWN,False,,1.2344 lb,1.0000 inch,12.00 inch,20.00 inch
T3JkZXI6Nzk2NjA4OTEx,2026-04-13T15:32:21,U2hpcHBpbmdMYWJlbDo2MDMzMTAyMTI=,603310212,QWNjb3VudDo4MzY2Mw==,U2hpcG1lbnQ6NzgyMTcyMjQw,T3JkZXI6Nzk2NjA4OTEx,46874,S-POLY,valid,9200190380878200004744,9200190380878200004744,796608911,84868,usps_modern,Standard Shipping,USPS_GROUND_ADVANTAGE,5.89,02,shipping web,,,,,default,6158800486648,[],,Primary,115706,0.00,41752,shipping web,2026-04-13T15:32:21,https://tools.usps.com/go/TrackConfirmAction_input?strOrigTrackNum=9200190380878200004744,1,,UNKNOWN,False,,0.1444 lb,2.0000 inch,10.00 inch,12.00 inch
T3JkZXI6Nzk2Mjc0OTcx,2026-04-13T15:33:07,U2hpcHBpbmdMYWJlbDo2MDMzMTExMDQ=,603311104,QWNjb3VudDo4MzY2Mw==,U2hpcG1lbnQ6NzgyMTczMTc0,T3JkZXI6Nzk2Mjc0OTcx,49983,POLY BUBBLE #1,valid,9200190380878200004751,9200190380878200004751,796274971,84983,usps_modern,$4.99 Standard shipping (3-5 days),USPS_GROUND_ADVANTAGE,5.62,02,bulk ship,,,,,default,6466383085759,[],,Primary,115706,0.00,41752,bulk ship,2026-04-13T15:33:07,https://tools.usps.com/go/TrackConfirmAction_input?strOrigTrackNum=9200190380878200004751,1,,UNKNOWN,False,,0.3800 lb,2.0000 inch,7.10 inch,10.70 inch
T3JkZXI6Nzk2Mjc1MzAz,2026-04-13T15:33:11,U2hpcHBpbmdMYWJlbDo2MDMzMTEyMDI=,603311202,QWNjb3VudDo4MzY2Mw==,U2hpcG1lbnQ6NzgyMTczMjg3,T3JkZXI6Nzk2Mjc1MzAz,49983,POLY BUBBLE #1,valid,9200190380878200004768,9200190380878200004768,796275303,84983,usps_modern,$6.99 Standard shipping (3-5 days),USPS_GROUND_ADVANTAGE,5.62,02,bulk ship,,,,,default,6466383216831,[],,Primary,115706,0.00,41752,bulk ship,2026-04-13T15:33:11,https://tools.usps.com/go/TrackConfirmAction_input?strOrigTrackNum=9200190380878200004768,1,,UNKNOWN,False,,0.3800 lb,2.0000 inch,7.10 inch,10.70 inch
T3JkZXI6Nzk2NTEzOTk0,2026-04-13T15:33:31,U2hpcHBpbmdMYWJlbDo2MDMzMTE3MTI=,603311712,QWNjb3VudDo4MzY2Mw==,U2hpcG1lbnQ6NzgyMTczODMy,T3JkZXI6Nzk2NTEzOTk0,46874,S-POLY,valid,9200190380878200004775,9200190380878200004775,796513994,83998,usps_modern,USPS Ground Advantage,USPS_GROUND_ADVANTAGE,5.22,02,shipping web,,,,,default,5986127085886,[],,Primary,115706,0.00,41752,shipping web,2026-04-13T15:33:31,https://tools.usps.com/go/TrackConfirmAction_input?strOrigTrackNum=9200190380878200004775,1,,UNKNOWN,False,,0.2000 lb,2.0000 inch,10.00 inch,12.00 inch
T3JkZXI6Nzk2NTI5NDQ2,2026-04-13T15:35:27,U2hpcHBpbmdMYWJlbDo2MDMzMTQzODI=,603314382,QWNjb3VudDo4MzY2Mw==,U2hpcG1lbnQ6NzgyMTc2NzEx,T3JkZXI6Nzk2NTI5NDQ2,46874,S-POLY,valid,9200190380878200004782,9200190380878200004782,796529446,85157,usps_modern,Standard Shipping,USPS_GROUND_ADVANTAGE,5.62,02,shipping web,,,,,default,6092323815648,[],,Primary,115706,0.00,41752,shipping web,2026-04-13T15:35:27,https://tools.usps.com/go/TrackConfirmAction_input?strOrigTrackNum=9200190380878200004782,1,,UNKNOWN,False,,0.4575 lb,2.0000 inch,10.00 inch,12.00 inch
T3JkZXI6Nzk1OTA4OTQw,2026-04-13T15:38:13,U2hpcHBpbmdMYWJlbDo2MDMzMTgzNjI=,603318362,QWNjb3VudDo4MzY2Mw==,U2hpcG1lbnQ6NzgyMTgwODMw,T3JkZXI6Nzk1OTA4OTQw,49983,POLY BUBBLE #1,valid,9200190380878200004799,9200190380878200004799,795908940,84983,usps_modern,Free Standard Shipping (3-5 days),USPS_GROUND_ADVANTAGE,7.78,02,bulk ship,,,,,default,6466399240383,[],,Primary,115706,0.00,41752,bulk ship,2026-04-13T15:38:13,https://tools.usps.com/go/TrackConfirmAction_input?strOrigTrackNum=9200190380878200004799,1,,UNKNOWN,False,,0.9100 lb,2.0000 inch,7.10 inch,10.70 inch
T3JkZXI6Nzk2MjA4NjUy,2026-04-13T15:47:07,U2hpcHBpbmdMYWJlbDo2MDMzMzEwMjg=,603331028,QWNjb3VudDo4MzY2Mw==,U2hpcG1lbnQ6NzgyMTk0MTU1,T3JkZXI6Nzk2MjA4NjUy,46863,10X8X4,valid,9234690380878200009178,9234690380878200009178,796208652,84983,usps_modern,Free Standard Shipping (3-5 days),USPS_GROUND_ADVANTAGE,7.31,02,bulk ship,,,,,default,6466421719231,[],,Primary,115706,0.00,41752,bulk ship,2026-04-13T15:47:07,https://tools.usps.com/go/TrackConfirmAction_input?strOrigTrackNum=9234690380878200009178,1,,UNKNOWN,False,,2.0200 lb,4.0000 inch,8.00 inch,10.00 inch
T3JkZXI6Nzk2NzY5OTk0,2026-04-13T15:47:10,U2hpcHBpbmdMYWJlbDo2MDMzMzExMjQ=,603331124,QWNjb3VudDo4MzY2Mw==,U2hpcG1lbnQ6NzgyMTk0MjU3,T3JkZXI6Nzk2NzY5OTk0,46863,10X8X4,valid,9234690380878200009185,9234690380878200009185,796769994,84983,usps_modern,Free Standard Shipping (3-5 days),USPS_GROUND_ADVANTAGE,7.52,02,bulk ship,,,,,default,6466422079679,[],,Primary,115706,0.00,41752,bulk ship,2026-04-13T15:47:10,https://tools.usps.com/go/TrackConfirmAction_input?strOrigTrackNum=9234690380878200009185,1,,UNKNOWN,False,,2.0200 lb,4.0000 inch,8.00 inch,10.00 inch
T3JkZXI6Nzk2NzEyMjY4,2026-04-13T15:49:49,U2hpcHBpbmdMYWJlbDo2MDMzMzQ0MDU=,603334405,QWNjb3VudDo4MzY2Mw==,U2hpcG1lbnQ6NzgyMTk3NzA5,T3JkZXI6Nzk2NzEyMjY4,49982,POLY BUBBLE #0,valid,9200190380878200004805,9200190380878200004805,796712268,84983,usps_modern,$6.99 Standard shipping (3-5 days),USPS_GROUND_ADVANTAGE,5.89,02,bulk ship,,,,,default,6466430009535,[],,Primary,115706,0.00,41752,bulk ship,2026-04-13T15:49:49,https://tools.usps.com/go/TrackConfirmAction_input?strOrigTrackNum=9200190380878200004805,1,,UNKNOWN,False,,0.7000 lb,2.0000 inch,5.80 inch,8.70 inch
T3JkZXI6Nzk2Mjc1ODg2,2026-04-13T15:53:50,U2hpcHBpbmdMYWJlbDo2MDMzNDA3NjA=,603340760,QWNjb3VudDo4MzY2Mw==,U2hpcG1lbnQ6NzgyMjA0MzQw,T3JkZXI6Nzk2Mjc1ODg2,49983,POLY BUBBLE #1,valid,9200190380878200004812,9200190380878200004812,796275886,84983,usps_modern,Free Standard Shipping (3-5 days),USPS_GROUND_ADVANTAGE,6.24,02,bulk ship,,,,,default,6466441248959,[],,Primary,115706,0.00,41752,bulk ship,2026-04-13T15:53:50,https://tools.usps.com/go/TrackConfirmAction_input?strOrigTrackNum=9200190380878200004812,1,,UNKNOWN,False,,0.4300 lb,2.0000 inch,7.10 inch,10.70 inch
T3JkZXI6Nzk2Mjc1OTEy,2026-04-13T15:57:04,U2hpcHBpbmdMYWJlbDo2MDMzNDQ4ODQ=,603344884,QWNjb3VudDo4MzY2Mw==,U2hpcG1lbnQ6NzgyMjA4OTIw,T3JkZXI6Nzk2Mjc1OTEy,49983,POLY BUBBLE #1,valid,9200190380878200004829,9200190380878200004829,796275912,84983,usps_modern,$6.99 Standard shipping (3-5 days),USPS_GROUND_ADVANTAGE,5.52,02,bulk ship,,,,,default,6466451636415,[],,Primary,115706,0.00,41752,bulk ship,2026-04-13T15:57:04,https://tools.usps.com/go/TrackConfirmAction_input?strOrigTrackNum=9200190380878200004829,1,,UNKNOWN,False,,0.3200 lb,2.0000 inch,7.10 inch,10.70 inch
T3JkZXI6Nzk2NzY5NTQ4,2026-04-13T15:57:07,U2hpcHBpbmdMYWJlbDo2MDMzNDQ5NDk=,603344949,QWNjb3VudDo4MzY2Mw==,U2hpcG1lbnQ6NzgyMjA4OTgz,T3JkZXI6Nzk2NzY5NTQ4,49983,POLY BUBBLE #1,valid,9200190380878200004836,9200190380878200004836,796769548,84983,usps_modern,$6.99 Standard shipping (3-5 days),USPS_GROUND_ADVANTAGE,6.24,02,bulk ship,,,,,default,6466451669183,[],,Primary,115706,0.00,41752,bulk ship,2026-04-13T15:57:07,https://tools.usps.com/go/TrackConfirmAction_input?strOrigTrackNum=9200190380878200004836,1,,UNKNOWN,False,,0.3200 lb,2.0000 inch,7.10 inch,10.70 inch
T3JkZXI6Nzk2MzA0Njgw,2026-04-13T16:00:55,U2hpcHBpbmdMYWJlbDo2MDMzNDk4MzU=,603349835,QWNjb3VudDo4MzY2Mw==,U2hpcG1lbnQ6NzgyMjE0NDIy,T3JkZXI6Nzk2MzA0Njgw,46874,S-POLY,valid,9200190380878200004843,9200190380878200004843,796304680,85157,usps_modern,Standard Shipping,USPS_GROUND_ADVANTAGE,5.89,02,shipping web,,,,,default,6092390203616,[],,Primary,115706,0.00,41752,shipping web,2026-04-13T16:00:55,https://tools.usps.com/go/TrackConfirmAction_input?strOrigTrackNum=9200190380878200004843,1,,UNKNOWN,False,,0.7137 lb,2.0000 inch,10.00 inch,12.00 inch
T3JkZXI6Nzk2NDk3Mjky,2026-04-13T16:03:58,U2hpcHBpbmdMYWJlbDo2MDMzNTQ0MTM=,603354413,QWNjb3VudDo4MzY2Mw==,U2hpcG1lbnQ6NzgyMjE5MTgw,T3JkZXI6Nzk2NDk3Mjky,46874,S-POLY,valid,9200190380878200004850,9200190380878200004850,796497292,84868,usps_modern,Standard Shipping,USPS_GROUND_ADVANTAGE,5.29,02,shipping web,,,,,default,6158889648376,[],,Primary,115706,0.00,41752,shipping web,2026-04-13T16:03:58,https://tools.usps.com/go/TrackConfirmAction_input?strOrigTrackNum=9200190380878200004850,1,,UNKNOWN,False,,0.2200 lb,2.0000 inch,10.00 inch,12.00 inch
T3JkZXI6Nzk2ODE3Njcy,2026-04-13T16:33:19,U2hpcHBpbmdMYWJlbDo2MDMzOTAyNTU=,603390255,QWNjb3VudDo4MzY2Mw==,U2hpcG1lbnQ6NzgyMjU3Mjkz,T3JkZXI6Nzk2ODE3Njcy,56814,L-POLY,valid,9234690380878200009192,9234690380878200009192,796817672,85157,usps_modern,Standard Shipping,USPS_GROUND_ADVANTAGE,9.06,02,shipping web,,,,,default,6092480250080,[],,Primary,115706,0.00,41752,shipping web,2026-04-13T16:33:19,https://tools.usps.com/go/TrackConfirmAction_input?strOrigTrackNum=9234690380878200009192,1,,UNKNOWN,False,,6.8131 lb,1.0000 inch,12.00 inch,20.00 inch
T3JkZXI6Nzk2NzcyNTUx,2026-04-13T16:36:26,U2hpcHBpbmdMYWJlbDo2MDMzOTM4OTY=,603393896,QWNjb3VudDo4MzY2Mw==,U2hpcG1lbnQ6NzgyMjYxNDE0,T3JkZXI6Nzk2NzcyNTUx,46863,10X8X4,valid,9234690380878200009208,9234690380878200009208,796772551,84983,usps_modern,Free Standard Shipping (3-5 days),USPS_GROUND_ADVANTAGE,8.65,02,bulk ship,,,,,default,6466569109695,[],,Primary,115706,0.00,41752,bulk ship,2026-04-13T16:36:26,https://tools.usps.com/go/TrackConfirmAction_input?strOrigTrackNum=9234690380878200009208,1,,UNKNOWN,False,,2.0694 lb,4.0000 inch,8.00 inch,10.00 inch
T3JkZXI6Nzk3MTI3Nzkz,2026-04-13T16:38:05,U2hpcHBpbmdMYWJlbDo2MDMzOTU4NzI=,603395872,QWNjb3VudDo4MzY2Mw==,U2hpcG1lbnQ6NzgyMjYzNDg2,T3JkZXI6Nzk3MTI3Nzkz,48204,POLY BUBBLE #2,valid,9234690380878200009215,9234690380878200009215,797127793,84983,usps_modern,Free Standard Shipping (3-5 days),USPS_GROUND_ADVANTAGE,6.29,02,bulk ship,,,,,default,6466571698367,[],,Primary,115706,0.00,41752,bulk ship,2026-04-13T16:38:05,https://tools.usps.com/go/TrackConfirmAction_input?strOrigTrackNum=9234690380878200009215,1,,UNKNOWN,False,,1.1394 lb,2.0000 inch,8.38 inch,10.75 inch
T3JkZXI6Nzk3MDgwNDYw,2026-04-13T16:41:34,U2hpcHBpbmdMYWJlbDo2MDMzOTkzNDk=,603399349,QWNjb3VudDo4MzY2Mw==,U2hpcG1lbnQ6NzgyMjY3MTQ4,T3JkZXI6Nzk3MDgwNDYw,46863,10X8X4,valid,9234690380878200009222,9234690380878200009222,797080460,84983,usps_modern,Free Standard Shipping (3-5 days),USPS_GROUND_ADVANTAGE,9.65,02,bulk ship,,,,,default,6466578579647,[],,Primary,115706,0.00,41752,bulk ship,2026-04-13T16:41:34,https://tools.usps.com/go/TrackConfirmAction_input?strOrigTrackNum=9234690380878200009222,1,,UNKNOWN,False,,3.6200 lb,4.0000 inch,8.00 inch,10.00 inch
T3JkZXI6Nzk2NTM2NzE2,2026-04-13T16:41:34,U2hpcHBpbmdMYWJlbDo2MDMzOTkzNTA=,603399350,QWNjb3VudDo4MzY2Mw==,U2hpcG1lbnQ6NzgyMjY3MTUw,T3JkZXI6Nzk2NTM2NzE2,46863,10X8X4,valid,9234690380878200009239,9234690380878200009239,796536716,84983,usps_modern,Free Standard Shipping (3-5 days),USPS_GROUND_ADVANTAGE,7.52,02,bulk ship,,,,,default,6466578677951,[],,Primary,115706,0.00,41752,bulk ship,2026-04-13T16:41:34,https://tools.usps.com/go/TrackConfirmAction_input?strOrigTrackNum=9234690380878200009239,1,,UNKNOWN,False,,3.6200 lb,4.0000 inch,8.00 inch,10.00 inch
T3JkZXI6Nzk3MDk0MTIy,2026-04-13T16:46:28,U2hpcHBpbmdMYWJlbDo2MDM0MDU4OTA=,603405890,QWNjb3VudDo4MzY2Mw==,U2hpcG1lbnQ6NzgyMjczOTU1,T3JkZXI6Nzk3MDk0MTIy,48203,8X4X4,valid,9234690380878200009246,9234690380878200009246,797094122,84983,usps_modern,Free Standard Shipping (3-5 days),USPS_GROUND_ADVANTAGE,7.31,02,bulk ship,,,,,default,6466591850687,[],,Primary,115706,0.00,41752,bulk ship,2026-04-13T16:46:28,https://tools.usps.com/go/TrackConfirmAction_input?strOrigTrackNum=9234690380878200009246,1,,UNKNOWN,False,,2.2794 lb,4.0000 inch,4.00 inch,8.00 inch
T3JkZXI6Nzk2OTAzMzky,2026-04-13T16:46:29,U2hpcHBpbmdMYWJlbDo2MDM0MDU5MjE=,603405921,QWNjb3VudDo4MzY2Mw==,U2hpcG1lbnQ6NzgyMjczOTg0,T3JkZXI6Nzk2OTAzMzky,48203,8X4X4,valid,9234690380878200009253,9234690380878200009253,796903392,84983,usps_modern,Free Standard Shipping (3-5 days),USPS_GROUND_ADVANTAGE,8.10,02,bulk ship,,,,,default,6466592243903,[],,Primary,115706,0.00,41752,bulk ship,2026-04-13T16:46:29,https://tools.usps.com/go/TrackConfirmAction_input?strOrigTrackNum=9234690380878200009253,1,,UNKNOWN,False,,2.2794 lb,4.0000 inch,4.00 inch,8.00 inch
T3JkZXI6Nzk2Mjc2MDU4,2026-04-13T16:49:59,U2hpcHBpbmdMYWJlbDo2MDM0MTAwNDA=,603410040,QWNjb3VudDo4MzY2Mw==,U2hpcG1lbnQ6NzgyMjc4NDA0,T3JkZXI6Nzk2Mjc2MDU4,49983,POLY BUBBLE #1,valid,9200190380878200004867,9200190380878200004867,796276058,84983,usps_modern,Free Standard Shipping (3-5 days),USPS_GROUND_ADVANTAGE,6.60,02,bulk ship,,,,,default,6466604040383,[],,Primary,115706,0.00,41752,bulk ship,2026-04-13T16:49:59,https://tools.usps.com/go/TrackConfirmAction_input?strOrigTrackNum=9200190380878200004867,1,,UNKNOWN,False,,0.6300 lb,2.0000 inch,7.10 inch,10.70 inch
T3JkZXI6Nzk3MjM2NDk2,2026-04-13T16:55:10,U2hpcHBpbmdMYWJlbDo2MDM0MTU2Njg=,603415668,QWNjb3VudDo4MzY2Mw==,U2hpcG1lbnQ6NzgyMjg0NTE4,T3JkZXI6Nzk3MjM2NDk2,48203,8X4X4,valid,9234690380878200009260,9234690380878200009260,797236496,84983,usps_modern,Free Standard Shipping (3-5 days),USPS_GROUND_ADVANTAGE,8.10,02,bulk ship,,,,,default,6466620522687,[],,Primary,115706,0.00,41752,bulk ship,2026-04-13T16:55:10,https://tools.usps.com/go/TrackConfirmAction_input?strOrigTrackNum=9234690380878200009260,1,,UNKNOWN,False,,2.2300 lb,4.0000 inch,4.00 inch,8.00 inch
T3JkZXI6Nzk2NzUxMDQw,2026-04-13T16:55:11,U2hpcHBpbmdMYWJlbDo2MDM0MTU2Nzc=,603415677,QWNjb3VudDo4MzY2Mw==,U2hpcG1lbnQ6NzgyMjg0NTI3,T3JkZXI6Nzk2NzUxMDQw,48203,8X4X4,valid,9234690380878200009277,9234690380878200009277,796751040,84983,usps_modern,Free Standard Shipping (3-5 days),USPS_GROUND_ADVANTAGE,8.10,02,bulk ship,,,,,default,6466620326079,[],,Primary,115706,0.00,41752,bulk ship,2026-04-13T16:55:11,https://tools.usps.com/go/TrackConfirmAction_input?strOrigTrackNum=9234690380878200009277,1,,UNKNOWN,False,,2.2300 lb,4.0000 inch,4.00 inch,8.00 inch
T3JkZXI6Nzk2ODcyMjA2,2026-04-13T16:58:57,U2hpcHBpbmdMYWJlbDo2MDM0MTk2NDk=,603419649,QWNjb3VudDo4MzY2Mw==,U2hpcG1lbnQ6NzgyMjg5NTUw,T3JkZXI6Nzk2ODcyMjA2,46875,M-POLY,valid,9234690380878200009284,9234690380878200009284,796872206,85157,usps_modern,Standard Shipping,USPS_GROUND_ADVANTAGE,7.57,02,shipping web,,,,,default,6092543164640,[],,Primary,115706,0.00,41752,shipping web,2026-04-13T16:58:57,https://tools.usps.com/go/TrackConfirmAction_input?strOrigTrackNum=9234690380878200009284,1,,UNKNOWN,False,,1.2775 lb,2.0000 inch,14.50 inch,16.00 inch
T3JkZXI6Nzk2OTQwOTIz,2026-04-13T17:01:53,U2hpcHBpbmdMYWJlbDo2MDM0MjMwODM=,603423083,QWNjb3VudDo4MzY2Mw==,U2hpcG1lbnQ6NzgyMjkzMDky,T3JkZXI6Nzk2OTQwOTIz,56814,L-POLY,valid,9234690380878200009291,9234690380878200009291,796940923,85157,usps_modern,Standard Shipping,USPS_GROUND_ADVANTAGE,7.43,02,shipping web,,,,,default,6092551520480,[],,Primary,115706,0.00,41752,shipping web,2026-04-13T17:01:53,https://tools.usps.com/go/TrackConfirmAction_input?strOrigTrackNum=9234690380878200009291,1,,UNKNOWN,False,,3.1500 lb,1.0000 inch,12.00 inch,20.00 inch
T3JkZXI6Nzk2Mjc2MTAy,2026-04-13T17:02:28,U2hpcHBpbmdMYWJlbDo2MDM0MjM4ODM=,603423883,QWNjb3VudDo4MzY2Mw==,U2hpcG1lbnQ6NzgyMjkzOTIx,T3JkZXI6Nzk2Mjc2MTAy,49983,POLY BUBBLE #1,valid,9200190380878200004874,9200190380878200004874,796276102,84983,usps_modern,Free Standard Shipping (3-5 days),USPS_GROUND_ADVANTAGE,5.55,02,bulk ship,,,,,default,6466638708927,[],,Primary,115706,0.00,41752,bulk ship,2026-04-13T17:02:28,https://tools.usps.com/go/TrackConfirmAction_input?strOrigTrackNum=9200190380878200004874,1,,UNKNOWN,False,,0.6700 lb,2.0000 inch,7.10 inch,10.70 inch
T3JkZXI6Nzk2Mjc2MTM5,2026-04-13T17:02:28,U2hpcHBpbmdMYWJlbDo2MDM0MjM4ODU=,603423885,QWNjb3VudDo4MzY2Mw==,U2hpcG1lbnQ6NzgyMjkzOTIz,T3JkZXI6Nzk2Mjc2MTM5,49983,POLY BUBBLE #1,valid,9200190380878200004881,9200190380878200004881,796276139,84983,usps_modern,Free Standard Shipping (3-5 days),USPS_GROUND_ADVANTAGE,6.60,02,bulk ship,,,,,default,6466638938303,[],,Primary,115706,0.00,41752,bulk ship,2026-04-13T17:02:28,https://tools.usps.com/go/TrackConfirmAction_input?strOrigTrackNum=9200190380878200004881,1,,UNKNOWN,False,,0.6700 lb,2.0000 inch,7.10 inch,10.70 inch
T3JkZXI6Nzk2ODYxMzE4,2026-04-13T17:09:14,U2hpcHBpbmdMYWJlbDo2MDM0MzIwNDk=,603432049,QWNjb3VudDo4MzY2Mw==,U2hpcG1lbnQ6NzgyMzAyNjU2,T3JkZXI6Nzk2ODYxMzE4,48203,8X4X4,valid,9234690380878200009314,9234690380878200009314,796861318,84983,usps_modern,$6.99 Standard shipping (3-5 days),USPS_GROUND_ADVANTAGE,8.83,02,bulk ship,,,,,default,6466657583295,[],,Primary,115706,0.00,41752,bulk ship,2026-04-13T17:09:14,https://tools.usps.com/go/TrackConfirmAction_input?strOrigTrackNum=9234690380878200009314,1,,UNKNOWN,False,,2.0800 lb,4.0000 inch,4.00 inch,8.00 inch
T3JkZXI6Nzk2OTc4MjE1,2026-04-13T17:09:14,U2hpcHBpbmdMYWJlbDo2MDM0MzIwNTA=,603432050,QWNjb3VudDo4MzY2Mw==,U2hpcG1lbnQ6NzgyMzAyNjU3,T3JkZXI6Nzk2OTc4MjE1,48203,8X4X4,valid,9234690380878200009307,9234690380878200009307,796978215,84983,usps_modern,Free Standard Shipping (3-5 days),USPS_GROUND_ADVANTAGE,8.10,02,bulk ship,,,,,default,6466657648831,[],,Primary,115706,0.00,41752,bulk ship,2026-04-13T17:09:14,https://tools.usps.com/go/TrackConfirmAction_input?strOrigTrackNum=9234690380878200009307,1,,UNKNOWN,False,,2.0800 lb,4.0000 inch,4.00 inch,8.00 inch
T3JkZXI6Nzk2NzY4MDE1,2026-04-13T17:18:40,U2hpcHBpbmdMYWJlbDo2MDM0NDE2NjI=,603441662,QWNjb3VudDo4MzY2Mw==,U2hpcG1lbnQ6NzgyMzEzNTYz,T3JkZXI6Nzk2NzY4MDE1,46863,10X8X4,valid,9234690380878200009321,9234690380878200009321,796768015,84983,usps_modern,$6.99 Standard shipping (3-5 days),USPS_GROUND_ADVANTAGE,8.97,02,bulk ship,,,,,default,6466697724095,[],,Primary,115706,0.00,41752,bulk ship,2026-04-13T17:18:40,https://tools.usps.com/go/TrackConfirmAction_input?strOrigTrackNum=9234690380878200009321,1,,UNKNOWN,False,,2.9400 lb,4.0000 inch,8.00 inch,10.00 inch
T3JkZXI6Nzk3MTM5NTU5,2026-04-13T17:18:40,U2hpcHBpbmdMYWJlbDo2MDM0NDE2Njc=,603441667,QWNjb3VudDo4MzY2Mw==,U2hpcG1lbnQ6NzgyMzEzNTY4,T3JkZXI6Nzk3MTM5NTU5,46863,10X8X4,valid,9234690380878200009338,9234690380878200009338,797139559,84983,usps_modern,$6.99 Standard shipping (3-5 days),USPS_GROUND_ADVANTAGE,6.68,02,bulk ship,,,,,default,6466697658559,[],,Primary,115706,0.00,41752,bulk ship,2026-04-13T17:18:40,https://tools.usps.com/go/TrackConfirmAction_input?strOrigTrackNum=9234690380878200009338,1,,UNKNOWN,False,,2.9400 lb,4.0000 inch,8.00 inch,10.00 inch
T3JkZXI6Nzk1ODc2Nzky,2026-04-13T17:23:30,U2hpcHBpbmdMYWJlbDo2MDM0NDY2NjE=,603446661,QWNjb3VudDo4MzY2Mw==,U2hpcG1lbnQ6NzgyMzE4OTg3,T3JkZXI6Nzk1ODc2Nzky,49983,POLY BUBBLE #1,valid,9200190380878200004898,9200190380878200004898,795876792,84983,usps_modern,$4.99 Standard shipping (3-5 days),USPS_GROUND_ADVANTAGE,5.20,02,shipping web,,,,,default,6466722922687,[],,Primary,115706,0.00,41752,shipping web,2026-04-13T17:23:30,https://tools.usps.com/go/TrackConfirmAction_input?strOrigTrackNum=9200190380878200004898,1,,UNKNOWN,False,,0.2475 lb,2.0000 inch,7.10 inch,10.70 inch
T3JkZXI6Nzk1ODc2NDEz,2026-04-13T17:25:02,U2hpcHBpbmdMYWJlbDo2MDM0NDgwMzE=,603448031,QWNjb3VudDo4MzY2Mw==,U2hpcG1lbnQ6NzgyMzIwNTI0,T3JkZXI6Nzk1ODc2NDEz,49983,POLY BUBBLE #1,valid,9200190380878200004904,9200190380878200004904,795876413,84983,usps_modern,Free Standard Shipping (3-5 days),USPS_GROUND_ADVANTAGE,6.60,02,shipping web,,,,,default,6466730131647,[],,Primary,115706,0.00,41752,shipping web,2026-04-13T17:25:02,https://tools.usps.com/go/TrackConfirmAction_input?strOrigTrackNum=9200190380878200004904,1,,UNKNOWN,False,,0.6675 lb,2.0000 inch,7.10 inch,10.70 inch
T3JkZXI6Nzk1OTIxOTYy,2026-04-13T17:27:43,U2hpcHBpbmdMYWJlbDo2MDM0NTA1MzU=,603450535,QWNjb3VudDo4MzY2Mw==,U2hpcG1lbnQ6NzgyMzIzMzQw,T3JkZXI6Nzk1OTIxOTYy,48203,8X4X4,valid,9234690380878200009345,9234690380878200009345,795921962,84983,usps_modern,Free Standard Shipping (3-5 days),USPS_GROUND_ADVANTAGE,8.83,02,shipping web,,,,,default,6466750841023,[],,Primary,115706,0.00,41752,shipping web,2026-04-13T17:27:43,https://tools.usps.com/go/TrackConfirmAction_input?strOrigTrackNum=9234690380878200009345,1,,UNKNOWN,False,,2.1400 lb,4.0000 inch,4.00 inch,8.00 inch
T3JkZXI6Nzk3MTQ4OTI4,2026-04-13T17:28:15,U2hpcHBpbmdMYWJlbDo2MDM0NTExMzI=,603451132,QWNjb3VudDo4MzY2Mw==,U2hpcG1lbnQ6NzgyMzIzOTgy,T3JkZXI6Nzk3MTQ4OTI4,46875,M-POLY,valid,9234690380878200009352,9234690380878200009352,797148928,84985,usps_modern,Economy,USPS_GROUND_ADVANTAGE,7.41,02,shipping web,,,,,default,6236915859734,[],,Primary,115706,0.00,41752,shipping web,2026-04-13T17:28:15,https://tools.usps.com/go/TrackConfirmAction_input?strOrigTrackNum=9234690380878200009352,1,,UNKNOWN,False,,2.0400 lb,2.0000 inch,14.50 inch,16.00 inch
T3JkZXI6Nzk2ODc4MjUx,2026-04-13T17:29:04,U2hpcHBpbmdMYWJlbDo2MDM0NTIxMTg=,603452118,QWNjb3VudDo4MzY2Mw==,U2hpcG1lbnQ6NzgyMzI1MDI4,T3JkZXI6Nzk2ODc4MjUx,46875,M-POLY,valid,9234690380878200009369,9234690380878200009369,796878251,84985,usps_modern,Economy,USPS_GROUND_ADVANTAGE,7.41,02,shipping web,,,,,default,6236917498134,[],,Primary,115706,0.00,41752,shipping web,2026-04-13T17:29:04,https://tools.usps.com/go/TrackConfirmAction_input?strOrigTrackNum=9234690380878200009369,1,,UNKNOWN,False,,2.0400 lb,2.0000 inch,14.50 inch,16.00 inch
T3JkZXI6Nzk3MDM3NzMz,2026-04-13T17:29:08,U2hpcHBpbmdMYWJlbDo2MDM0NTIyMjY=,603452226,QWNjb3VudDo4MzY2Mw==,U2hpcG1lbnQ6NzgyMzI1MTQx,T3JkZXI6Nzk3MDM3NzMz,46875,M-POLY,valid,9234690380878200009376,9234690380878200009376,797037733,84985,usps_modern,Economy,USPS_GROUND_ADVANTAGE,7.41,02,shipping web,,,,,default,6236917301526,[],,Primary,115706,0.00,41752,shipping web,2026-04-13T17:29:09,https://tools.usps.com/go/TrackConfirmAction_input?strOrigTrackNum=9234690380878200009376,1,,UNKNOWN,False,,2.0400 lb,2.0000 inch,14.50 inch,16.00 inch
T3JkZXI6Nzk2ODQ2NzEz,2026-04-13T17:29:31,U2hpcHBpbmdMYWJlbDo2MDM0NTI3NDE=,603452741,QWNjb3VudDo4MzY2Mw==,U2hpcG1lbnQ6NzgyMzI1Njg1,T3JkZXI6Nzk2ODQ2NzEz,46875,M-POLY,valid,9234690380878200009383,9234690380878200009383,796846713,84985,usps_modern,Economy,USPS_GROUND_ADVANTAGE,7.41,02,shipping web,,,,,default,6236919365910,[],,Primary,115706,0.00,41752,shipping web,2026-04-13T17:29:31,https://tools.usps.com/go/TrackConfirmAction_input?strOrigTrackNum=9234690380878200009383,1,,UNKNOWN,False,,2.0400 lb,2.0000 inch,14.50 inch,16.00 inch
T3JkZXI6Nzk3MDY2MjIy,2026-04-13T17:29:47,U2hpcHBpbmdMYWJlbDo2MDM0NTMwNTI=,603453052,QWNjb3VudDo4MzY2Mw==,U2hpcG1lbnQ6NzgyMzI2MDIz,T3JkZXI6Nzk3MDY2MjIy,46875,M-POLY,valid,9234690380878200009390,9234690380878200009390,797066222,84985,usps_modern,Economy,USPS_GROUND_ADVANTAGE,7.41,02,shipping web,,,,,default,6236919693590,[],,Primary,115706,0.00,41752,shipping web,2026-04-13T17:29:47,https://tools.usps.com/go/TrackConfirmAction_input?strOrigTrackNum=9234690380878200009390,1,,UNKNOWN,False,,2.0400 lb,2.0000 inch,14.50 inch,16.00 inch
T3JkZXI6Nzk1OTk3MzM5,2026-04-13T17:30:24,U2hpcHBpbmdMYWJlbDo2MDM0NTM3NjU=,603453765,QWNjb3VudDo4MzY2Mw==,U2hpcG1lbnQ6NzgyMzI2Nzg5,T3JkZXI6Nzk1OTk3MzM5,48203,8X4X4,valid,9234690380878200009406,9234690380878200009406,795997339,84983,usps_modern,Free Standard Shipping (3-5 days),USPS_GROUND_ADVANTAGE,6.50,02,shipping web,,,,,default,6466764505279,[],,Primary,115706,0.00,41752,shipping web,2026-04-13T17:30:24,https://tools.usps.com/go/TrackConfirmAction_input?strOrigTrackNum=9234690380878200009406,1,,UNKNOWN,False,,2.2200 lb,4.0000 inch,4.00 inch,8.00 inch
T3JkZXI6Nzk2MDQ4Mjg2,2026-04-13T17:31:51,U2hpcHBpbmdMYWJlbDo2MDM0NTU3NjI=,603455762,QWNjb3VudDo4MzY2Mw==,U2hpcG1lbnQ6NzgyMzI4ODM1,T3JkZXI6Nzk2MDQ4Mjg2,49981,POLY BUBBLE #00,valid,9200190380878200004911,9200190380878200004911,796048286,84983,usps_modern,$6.99 Standard shipping (3-5 days),USPS_GROUND_ADVANTAGE,5.62,02,shipping web,,,,,default,6466768535743,[],,Primary,115706,0.00,41752,shipping web,2026-04-13T17:31:51,https://tools.usps.com/go/TrackConfirmAction_input?strOrigTrackNum=9200190380878200004911,1,,UNKNOWN,False,,0.4100 lb,2.0000 inch,4.80 inch,8.65 inch
T3JkZXI6Nzk2MjA0OTYw,2026-04-13T17:40:43,U2hpcHBpbmdMYWJlbDo2MDM0NjUxNTM=,603465153,QWNjb3VudDo4MzY2Mw==,U2hpcG1lbnQ6NzgyMzM5MDI1,T3JkZXI6Nzk2MjA0OTYw,46863,10X8X4,valid,9234690380878200009413,9234690380878200009413,796204960,84983,usps_modern,Free Standard Shipping (3-5 days),USPS_GROUND_ADVANTAGE,7.52,02,shipping web,,,,,default,6466804383935,[],,Primary,115706,0.00,41752,shipping web,2026-04-13T17:40:43,https://tools.usps.com/go/TrackConfirmAction_input?strOrigTrackNum=9234690380878200009413,1,,UNKNOWN,False,,2.0675 lb,4.0000 inch,8.00 inch,10.00 inch
T3JkZXI6Nzk3MDY3Nzcz,2026-04-13T17:40:49,U2hpcHBpbmdMYWJlbDo2MDM0NjUyNDM=,603465243,QWNjb3VudDo4MzY2Mw==,U2hpcG1lbnQ6NzgyMzM5MTE3,T3JkZXI6Nzk3MDY3Nzcz,46874,S-POLY,valid,9200190380878200004928,9200190380878200004928,797067773,85157,usps_modern,Standard Shipping,USPS_GROUND_ADVANTAGE,5.45,02,shipping web,,,,,default,6092660900064,[],,Primary,115706,0.00,41752,shipping web,2026-04-13T17:40:49,https://tools.usps.com/go/TrackConfirmAction_input?strOrigTrackNum=9200190380878200004928,1,,UNKNOWN,False,,0.4575 lb,2.0000 inch,10.00 inch,12.00 inch
T3JkZXI6Nzk2MjAzNjMz,2026-04-13T17:41:57,U2hpcHBpbmdMYWJlbDo2MDM0NjYyODQ=,603466284,QWNjb3VudDo4MzY2Mw==,U2hpcG1lbnQ6NzgyMzQwMjA5,T3JkZXI6Nzk2MjAzNjMz,46863,10X8X4,valid,9234690380878200009420,9234690380878200009420,796203633,84983,usps_modern,Free Standard Shipping (3-5 days),USPS_GROUND_ADVANTAGE,6.68,02,shipping web,,,,,default,6466809004223,[],,Primary,115706,0.00,41752,shipping web,2026-04-13T17:41:57,https://tools.usps.com/go/TrackConfirmAction_input?strOrigTrackNum=9234690380878200009420,1,,UNKNOWN,False,,2.5700 lb,4.0000 inch,8.00 inch,10.00 inch
T3JkZXI6Nzk2MjAyMTI0,2026-04-13T17:42:56,U2hpcHBpbmdMYWJlbDo2MDM0NjcxNTk=,603467159,QWNjb3VudDo4MzY2Mw==,U2hpcG1lbnQ6NzgyMzQxMTM5,T3JkZXI6Nzk2MjAyMTI0,46863,10X8X4,valid,9234690380878200009437,9234690380878200009437,796202124,84983,usps_modern,Free Standard Shipping (3-5 days),USPS_GROUND_ADVANTAGE,8.65,02,shipping web,,,,,default,6466812379327,[],,Primary,115706,0.00,41752,shipping web,2026-04-13T17:42:56,https://tools.usps.com/go/TrackConfirmAction_input?strOrigTrackNum=9234690380878200009437,1,,UNKNOWN,False,,2.2400 lb,4.0000 inch,8.00 inch,10.00 inch
T3JkZXI6Nzk2MjE4NzE2,2026-04-13T17:43:38,U2hpcHBpbmdMYWJlbDo2MDM0Njc4MjQ=,603467824,QWNjb3VudDo4MzY2Mw==,U2hpcG1lbnQ6NzgyMzQxODE5,T3JkZXI6Nzk2MjE4NzE2,49982,POLY BUBBLE #0,valid,9200190380878200004935,9200190380878200004935,796218716,84983,usps_modern,$6.99 Standard shipping (3-5 days),USPS_GROUND_ADVANTAGE,5.77,02,shipping web,,,,,default,6466814574783,[],,Primary,115706,0.00,41752,shipping web,2026-04-13T17:43:38,https://tools.usps.com/go/TrackConfirmAction_input?strOrigTrackNum=9200190380878200004935,1,,UNKNOWN,False,,0.4700 lb,2.0000 inch,5.80 inch,8.70 inch
T3JkZXI6Nzk2MjIxNjUz,2026-04-13T17:44:52,U2hpcHBpbmdMYWJlbDo2MDM0Njg4NzU=,603468875,QWNjb3VudDo4MzY2Mw==,U2hpcG1lbnQ6NzgyMzQyOTkx,T3JkZXI6Nzk2MjIxNjUz,48203,8X4X4,valid,9234690380878200009444,9234690380878200009444,796221653,84983,usps_modern,Free Standard Shipping (3-5 days),USPS_GROUND_ADVANTAGE,8.35,02,shipping web,,,,,default,6466817261759,[],,Primary,115706,0.00,41752,shipping web,2026-04-13T17:44:52,https://tools.usps.com/go/TrackConfirmAction_input?strOrigTrackNum=9234690380878200009444,1,,UNKNOWN,False,,2.2300 lb,4.0000 inch,4.00 inch,8.00 inch
T3JkZXI6Nzk2MjI0NDgx,2026-04-13T17:45:57,U2hpcHBpbmdMYWJlbDo2MDM0Njk4Mjk=,603469829,QWNjb3VudDo4MzY2Mw==,U2hpcG1lbnQ6NzgyMzQzOTc4,T3JkZXI6Nzk2MjI0NDgx,48203,8X4X4,valid,9234690380878200009451,9234690380878200009451,796224481,84983,usps_modern,Free Standard Shipping (3-5 days),USPS_GROUND_ADVANTAGE,8.83,02,shipping web,,,,,default,6466819883199,[],,Primary,115706,0.00,41752,shipping web,2026-04-13T17:45:57,https://tools.usps.com/go/TrackConfirmAction_input?strOrigTrackNum=9234690380878200009451,1,,UNKNOWN,False,,2.2794 lb,4.0000 inch,4.00 inch,8.00 inch
T3JkZXI6Nzk2MjQzMzcz,2026-04-13T17:47:57,U2hpcHBpbmdMYWJlbDo2MDM0NzE3Njk=,603471769,QWNjb3VudDo4MzY2Mw==,U2hpcG1lbnQ6NzgyMzQ2MDM2,T3JkZXI6Nzk2MjQzMzcz,48203,8X4X4,valid,9234690380878200009468,9234690380878200009468,796243373,84983,usps_modern,Free Standard Shipping (3-5 days),USPS_GROUND_ADVANTAGE,7.86,02,shipping web,,,,,default,6466826305727,[],,Primary,115706,0.00,41752,shipping web,2026-04-13T17:47:57,https://tools.usps.com/go/TrackConfirmAction_input?strOrigTrackNum=9234690380878200009468,1,,UNKNOWN,False,,2.3300 lb,4.0000 inch,4.00 inch,8.00 inch
T3JkZXI6Nzk2Mjc0ODA4,2026-04-13T18:48:22,U2hpcHBpbmdMYWJlbDo2MDM1MzQ2Nzg=,603534678,QWNjb3VudDo4MzY2Mw==,U2hpcG1lbnQ6NzgyNDEzNDI1,T3JkZXI6Nzk2Mjc0ODA4,48204,POLY BUBBLE #2,valid,9234690380878200009475,9234690380878200009475,796274808,84983,usps_modern,Free Standard Shipping (3-5 days),USPS_GROUND_ADVANTAGE,7.52,02,shipping web,,,,,default,6466963046591,[],,Primary,115706,0.00,41752,shipping web,2026-04-13T18:48:22,https://tools.usps.com/go/TrackConfirmAction_input?strOrigTrackNum=9234690380878200009475,1,,UNKNOWN,False,,1.2975 lb,2.0000 inch,8.38 inch,10.75 inch
T3JkZXI6Nzk3Mzk4NTM5,2026-04-13T18:48:39,U2hpcHBpbmdMYWJlbDo2MDM1MzUwNzE=,603535071,QWNjb3VudDo4MzY2Mw==,U2hpcG1lbnQ6NzgyNDEzODMx,T3JkZXI6Nzk3Mzk4NTM5,46874,S-POLY,valid,9200190380878200004942,9200190380878200004942,797398539,83998,usps_modern,USPS Ground Advantage,USPS_GROUND_ADVANTAGE,5.39,02,shipping web,,,,,default,5986438349118,[],,Primary,115706,0.00,41752,shipping web,2026-04-13T18:48:39,https://tools.usps.com/go/TrackConfirmAction_input?strOrigTrackNum=9200190380878200004942,1,,UNKNOWN,False,,0.3800 lb,2.0000 inch,10.00 inch,12.00 inch
T3JkZXI6Nzk2Mjc0OTI4,2026-04-13T18:50:46,U2hpcHBpbmdMYWJlbDo2MDM1MzcyNzg=,603537278,QWNjb3VudDo4MzY2Mw==,U2hpcG1lbnQ6NzgyNDE2MTIz,T3JkZXI6Nzk2Mjc0OTI4,48204,POLY BUBBLE #2,valid,9234690380878200009482,9234690380878200009482,796274928,84983,usps_modern,$6.99 Standard shipping (3-5 days),USPS_GROUND_ADVANTAGE,6.08,02,shipping web,,,,,default,6466966618303,[],,Primary,115706,0.00,41752,shipping web,2026-04-13T18:50:46,https://tools.usps.com/go/TrackConfirmAction_input?strOrigTrackNum=9234690380878200009482,1,,UNKNOWN,False,,1.0869 lb,2.0000 inch,8.38 inch,10.75 inch
T3JkZXI6Nzk2Mjc1Mzc4,2026-04-13T18:53:49,U2hpcHBpbmdMYWJlbDo2MDM1NDEyNzE=,603541271,QWNjb3VudDo4MzY2Mw==,U2hpcG1lbnQ6NzgyNDIwMjc3,T3JkZXI6Nzk2Mjc1Mzc4,48203,8X4X4,valid,9234690380878200009499,9234690380878200009499,796275378,84983,usps_modern,Free Standard Shipping (3-5 days),USPS_GROUND_ADVANTAGE,8.83,02,shipping web,,,,,default,6466976645311,[],,Primary,115706,0.00,41752,shipping web,2026-04-13T18:53:49,https://tools.usps.com/go/TrackConfirmAction_input?strOrigTrackNum=9234690380878200009499,1,,UNKNOWN,False,,2.2200 lb,4.0000 inch,4.00 inch,8.00 inch
T3JkZXI6Nzk2Mjc1MzQw,2026-04-13T18:58:17,U2hpcHBpbmdMYWJlbDo2MDM1NDc2MTI=,603547612,QWNjb3VudDo4MzY2Mw==,U2hpcG1lbnQ6NzgyNDI3MDEz,T3JkZXI6Nzk2Mjc1MzQw,46863,10X8X4,valid,9234690380878200009505,9234690380878200009505,796275340,84983,usps_modern,Free Standard Shipping (3-5 days),USPS_GROUND_ADVANTAGE,10.23,02,shipping web,,,,,default,6466988769471,[],,Primary,115706,0.00,41752,shipping web,2026-04-13T18:58:17,https://tools.usps.com/go/TrackConfirmAction_input?strOrigTrackNum=9234690380878200009505,1,,UNKNOWN,False,,3.2675 lb,4.0000 inch,8.00 inch,10.00 inch
T3JkZXI6Nzk2Mjc2MjQ1,2026-04-13T19:00:29,U2hpcHBpbmdMYWJlbDo2MDM1NDk4NzI=,603549872,QWNjb3VudDo4MzY2Mw==,U2hpcG1lbnQ6NzgyNDI5MzM4,T3JkZXI6Nzk2Mjc2MjQ1,46863,10X8X4,valid,9234690380878200009512,9234690380878200009512,796276245,84983,usps_modern,$6.99 Standard shipping (3-5 days),USPS_GROUND_ADVANTAGE,8.65,02,shipping web,,,,,default,6466998370495,[],,Primary,115706,0.00,41752,shipping web,2026-04-13T19:00:29,https://tools.usps.com/go/TrackConfirmAction_input?strOrigTrackNum=9234690380878200009512,1,,UNKNOWN,False,,3.0275 lb,4.0000 inch,8.00 inch,10.00 inch
T3JkZXI6Nzk2Mjc2MzMy,2026-04-13T19:04:59,U2hpcHBpbmdMYWJlbDo2MDM1NTQzOTg=,603554398,QWNjb3VudDo4MzY2Mw==,U2hpcG1lbnQ6NzgyNDMzOTk4,T3JkZXI6Nzk2Mjc2MzMy,46863,10X8X4,valid,9234690380878200009529,9234690380878200009529,796276332,84983,usps_modern,Subscription shipping,USPS_GROUND_ADVANTAGE,6.18,02,shipping web,,,,,default,6467017507007,[],,Primary,115706,0.00,41752,shipping web,2026-04-13T19:04:59,https://tools.usps.com/go/TrackConfirmAction_input?strOrigTrackNum=9234690380878200009529,1,,UNKNOWN,False,,2.0550 lb,4.0000 inch,8.00 inch,10.00 inch
T3JkZXI6Nzk2MzQyMjgz,2026-04-13T19:08:36,U2hpcHBpbmdMYWJlbDo2MDM1NTc3NTg=,603557758,QWNjb3VudDo4MzY2Mw==,U2hpcG1lbnQ6NzgyNDM3NzAw,T3JkZXI6Nzk2MzQyMjgz,46863,10X8X4,valid,9234690380878200009536,9234690380878200009536,796342283,84983,usps_modern,Free Standard Shipping (3-5 days),USPS_GROUND_ADVANTAGE,8.97,02,shipping web,,,,,default,6467027697855,[],,Primary,115706,0.00,41752,shipping web,2026-04-13T19:08:36,https://tools.usps.com/go/TrackConfirmAction_input?strOrigTrackNum=9234690380878200009536,1,,UNKNOWN,False,,3.8100 lb,4.0000 inch,8.00 inch,10.00 inch
T3JkZXI6Nzk2MzMzMDcw,2026-04-13T19:10:13,U2hpcHBpbmdMYWJlbDo2MDM1NTkwMzY=,603559036,QWNjb3VudDo4MzY2Mw==,U2hpcG1lbnQ6NzgyNDM5MDc5,T3JkZXI6Nzk2MzMzMDcw,46863,10X8X4,valid,9234690380878200009543,9234690380878200009543,796333070,84983,usps_modern,Shipping,USPS_GROUND_ADVANTAGE,9.87,02,shipping web,,,,,default,6467030417599,[],,Primary,115706,0.00,41752,shipping web,2026-04-13T19:10:13,https://tools.usps.com/go/TrackConfirmAction_input?strOrigTrackNum=9234690380878200009543,1,,UNKNOWN,False,,2.2612 lb,4.0000 inch,8.00 inch,10.00 inch
T3JkZXI6Nzk3MzI0NDgz,2026-04-13T19:30:36,U2hpcHBpbmdMYWJlbDo2MDM1Nzk5MjI=,603579922,QWNjb3VudDo4MzY2Mw==,U2hpcG1lbnQ6NzgyNDYwODg1,T3JkZXI6Nzk3MzI0NDgz,49983,POLY BUBBLE #1,valid,9200190380878200004959,9200190380878200004959,797324483,84983,usps_modern,$6.99 Standard shipping (3-5 days),USPS_GROUND_ADVANTAGE,5.39,02,bulk ship,,,,,default,6467066429631,[],,Primary,115706,0.00,41752,bulk ship,2026-04-13T19:30:36,https://tools.usps.com/go/TrackConfirmAction_input?strOrigTrackNum=9200190380878200004959,1,,UNKNOWN,False,,0.3800 lb,2.0000 inch,7.10 inch,10.70 inch
T3JkZXI6Nzg1NTY5NTU3,2026-04-13T19:33:45,U2hpcHBpbmdMYWJlbDo2MDM1ODMzMzQ=,603583334,QWNjb3VudDo4MzY2Mw==,U2hpcG1lbnQ6NzgyNDY0NDM1,T3JkZXI6Nzg1NTY5NTU3,46874,S-POLY,valid,9200190380878200004966,9200190380878200004966,785569557,84984,usps_modern,Fast,USPS_GROUND_ADVANTAGE,5.52,02,shipping web,,,,,default,6645915844778,[],,Primary,115706,0.00,41752,shipping web,2026-04-13T19:33:45,https://tools.usps.com/go/TrackConfirmAction_input?strOrigTrackNum=9200190380878200004966,1,,UNKNOWN,False,,0.4200 lb,2.0000 inch,10.00 inch,12.00 inch
T3JkZXI6Nzk3MzIzMTc1,2026-04-13T19:34:32,U2hpcHBpbmdMYWJlbDo2MDM1ODM5MzQ=,603583934,QWNjb3VudDo4MzY2Mw==,U2hpcG1lbnQ6NzgyNDY1MDg4,T3JkZXI6Nzk3MzIzMTc1,48204,POLY BUBBLE #2,valid,9234690380878200009550,9234690380878200009550,797323175,84983,usps_modern,Free Standard Shipping (3-5 days),USPS_GROUND_ADVANTAGE,10.96,02,bulk ship,,,,,default,6467072852159,[],,Primary,115706,0.00,41752,bulk ship,2026-04-13T19:34:32,https://tools.usps.com/go/TrackConfirmAction_input?strOrigTrackNum=9234690380878200009550,1,,UNKNOWN,False,,1.3500 lb,2.0000 inch,8.38 inch,10.75 inch
T3JkZXI6Nzk3MDI1NzU4,2026-04-13T19:35:38,U2hpcHBpbmdMYWJlbDo2MDM1ODQ4MzI=,603584832,QWNjb3VudDo4MzY2Mw==,U2hpcG1lbnQ6NzgyNDY1OTk3,T3JkZXI6Nzk3MDI1NzU4,48203,8X4X4,valid,9234690380878200009567,9234690380878200009567,797025758,84983,usps_modern,Free Standard Shipping (3-5 days),USPS_GROUND_ADVANTAGE,8.35,02,bulk ship,,,,,default,6467075375295,[],,Primary,115706,0.00,41752,bulk ship,2026-04-13T19:35:38,https://tools.usps.com/go/TrackConfirmAction_input?strOrigTrackNum=9234690380878200009567,1,,UNKNOWN,False,,2.2794 lb,4.0000 inch,4.00 inch,8.00 inch
T3JkZXI6Nzk3MzIzMjA3,2026-04-13T19:35:39,U2hpcHBpbmdMYWJlbDo2MDM1ODQ4NTU=,603584855,QWNjb3VudDo4MzY2Mw==,U2hpcG1lbnQ6NzgyNDY2MDE5,T3JkZXI6Nzk3MzIzMjA3,48203,8X4X4,valid,9234690380878200009574,9234690380878200009574,797323207,84983,usps_modern,Free Standard Shipping (3-5 days),USPS_GROUND_ADVANTAGE,9.38,02,bulk ship,,,,,default,6467075506367,[],,Primary,115706,0.00,41752,bulk ship,2026-04-13T19:35:39,https://tools.usps.com/go/TrackConfirmAction_input?strOrigTrackNum=9234690380878200009574,1,,UNKNOWN,False,,2.2794 lb,4.0000 inch,4.00 inch,8.00 inch
T3JkZXI6Nzk3MzI0NjA5,2026-04-13T19:45:46,U2hpcHBpbmdMYWJlbDo2MDM1OTU2Njc=,603595667,QWNjb3VudDo4MzY2Mw==,U2hpcG1lbnQ6NzgyNDc3MDgw,T3JkZXI6Nzk3MzI0NjA5,49981,POLY BUBBLE #00,valid,9200190380878200004973,9200190380878200004973,797324609,84983,usps_modern,$4.99 Standard shipping (3-5 days),USPS_GROUND_ADVANTAGE,5.00,02,bulk ship,,,,,default,6467097886911,[],,Primary,115706,0.00,41752,bulk ship,2026-04-13T19:45:46,https://tools.usps.com/go/TrackConfirmAction_input?strOrigTrackNum=9200190380878200004973,1,,UNKNOWN,False,,0.1500 lb,2.0000 inch,4.80 inch,8.65 inch
T3JkZXI6Nzk3MDMxNDIx,2026-04-13T19:49:22,U2hpcHBpbmdMYWJlbDo2MDM1OTkzNDE=,603599341,QWNjb3VudDo4MzY2Mw==,U2hpcG1lbnQ6NzgyNDgwODc3,T3JkZXI6Nzk3MDMxNDIx,49982,POLY BUBBLE #0,valid,9200190380878200004980,9200190380878200004980,797031421,84983,usps_modern,$6.99 Standard shipping (3-5 days),USPS_GROUND_ADVANTAGE,5.39,02,bulk ship,,,,,default,6467106734271,[],,Primary,115706,0.00,41752,bulk ship,2026-04-13T19:49:22,https://tools.usps.com/go/TrackConfirmAction_input?strOrigTrackNum=9200190380878200004980,1,,UNKNOWN,False,,0.4700 lb,2.0000 inch,5.80 inch,8.70 inch
T3JkZXI6Nzk3MzY2NTE2,2026-04-13T19:49:22,U2hpcHBpbmdMYWJlbDo2MDM1OTkzNDU=,603599345,QWNjb3VudDo4MzY2Mw==,U2hpcG1lbnQ6NzgyNDgwODgx,T3JkZXI6Nzk3MzY2NTE2,49982,POLY BUBBLE #0,valid,9200190380878200004997,9200190380878200004997,797366516,84983,usps_modern,$6.99 Standard shipping (3-5 days),USPS_GROUND_ADVANTAGE,5.39,02,bulk ship,,,,,default,6467107127487,[],,Primary,115706,0.00,41752,bulk ship,2026-04-13T19:49:23,https://tools.usps.com/go/TrackConfirmAction_input?strOrigTrackNum=9200190380878200004997,1,,UNKNOWN,False,,0.4700 lb,2.0000 inch,5.80 inch,8.70 inch
T3JkZXI6Nzk2NDI0MTIz,2026-04-13T20:01:52,U2hpcHBpbmdMYWJlbDo2MDM2MDk1NzM=,603609573,QWNjb3VudDo4MzY2Mw==,U2hpcG1lbnQ6NzgyNDkxNjcy,T3JkZXI6Nzk2NDI0MTIz,48203,8X4X4,valid,9234690380878200009581,9234690380878200009581,796424123,84983,usps_modern,Free Standard Shipping (3-5 days),USPS_GROUND_ADVANTAGE,6.19,02,shipping web,,,,,default,6467145695423,[],,Primary,115706,0.00,41752,shipping web,2026-04-13T20:01:52,https://tools.usps.com/go/TrackConfirmAction_input?strOrigTrackNum=9234690380878200009581,1,,UNKNOWN,False,,1.9000 lb,4.0000 inch,4.00 inch,8.00 inch
T3JkZXI6Nzk2NDY4MjY1,2026-04-13T20:03:09,U2hpcHBpbmdMYWJlbDo2MDM2MTA0NzA=,603610470,QWNjb3VudDo4MzY2Mw==,U2hpcG1lbnQ6NzgyNDkyNTk1,T3JkZXI6Nzk2NDY4MjY1,48203,8X4X4,valid,9234690380878200009598,9234690380878200009598,796468265,84983,usps_modern,Shipping,USPS_GROUND_ADVANTAGE,8.53,02,shipping web,,,,,default,6467147890879,[],,Primary,115706,0.00,41752,shipping web,2026-04-13T20:03:09,https://tools.usps.com/go/TrackConfirmAction_input?strOrigTrackNum=9234690380878200009598,1,,UNKNOWN,False,,2.0038 lb,4.0000 inch,4.00 inch,8.00 inch
T3JkZXI6Nzk2NTI2MDk0,2026-04-13T20:05:52,U2hpcHBpbmdMYWJlbDo2MDM2MTI2ODQ=,603612684,QWNjb3VudDo4MzY2Mw==,U2hpcG1lbnQ6NzgyNDk0OTc5,T3JkZXI6Nzk2NTI2MDk0,48203,8X4X4,valid,9234690380878200009604,9234690380878200009604,796526094,84983,usps_modern,Free Standard Shipping (3-5 days),USPS_GROUND_ADVANTAGE,8.10,02,shipping web,,,,,default,6467152576703,[],,Primary,115706,0.00,41752,shipping web,2026-04-13T20:05:52,https://tools.usps.com/go/TrackConfirmAction_input?strOrigTrackNum=9234690380878200009604,1,,UNKNOWN,False,,2.2200 lb,4.0000 inch,4.00 inch,8.00 inch
T3JkZXI6Nzk2NjU0OTc1,2026-04-13T20:08:07,U2hpcHBpbmdMYWJlbDo2MDM2MTQ1MDU=,603614505,QWNjb3VudDo4MzY2Mw==,U2hpcG1lbnQ6NzgyNDk2OTk0,T3JkZXI6Nzk2NjU0OTc1,48203,8X4X4,valid,9234690380878200009611,9234690380878200009611,796654975,84983,usps_modern,Free Standard Shipping (3-5 days),USPS_GROUND_ADVANTAGE,6.50,02,shipping web,,,,,default,6467156771007,[],,Primary,115706,0.00,41752,shipping web,2026-04-13T20:08:07,https://tools.usps.com/go/TrackConfirmAction_input?strOrigTrackNum=9234690380878200009611,1,,UNKNOWN,False,,2.2200 lb,4.0000 inch,4.00 inch,8.00 inch
T3JkZXI6Nzk2NzY4NjM5,2026-04-13T20:12:10,U2hpcHBpbmdMYWJlbDo2MDM2MTczMjU=,603617325,QWNjb3VudDo4MzY2Mw==,U2hpcG1lbnQ6NzgyNDk5OTk5,T3JkZXI6Nzk2NzY4NjM5,49983,POLY BUBBLE #1,valid,9200190380878200005000,9200190380878200005000,796768639,84983,usps_modern,Subscription shipping,USPS_GROUND_ADVANTAGE,5.89,02,shipping web,,,,,default,6467173974207,[],,Primary,115706,0.00,41752,shipping web,2026-04-13T20:12:11,https://tools.usps.com/go/TrackConfirmAction_input?strOrigTrackNum=9200190380878200005000,1,,UNKNOWN,False,,0.2150 lb,2.0000 inch,7.10 inch,10.70 inch
T3JkZXI6Nzk2NzY5MzYw,2026-04-13T20:16:04,U2hpcHBpbmdMYWJlbDo2MDM2MjA3MzM=,603620733,QWNjb3VudDo4MzY2Mw==,U2hpcG1lbnQ6NzgyNTAzNTAz,T3JkZXI6Nzk2NzY5MzYw,46863,10X8X4,valid,9234690380878200009628,9234690380878200009628,796769360,84983,usps_modern,Free Standard Shipping (3-5 days),USPS_GROUND_ADVANTAGE,6.68,02,shipping web,,,,,default,6467190456511,[],,Primary,115706,0.00,41752,shipping web,2026-04-13T20:16:04,https://tools.usps.com/go/TrackConfirmAction_input?strOrigTrackNum=9234690380878200009628,1,,UNKNOWN,False,,2.0275 lb,4.0000 inch,8.00 inch,10.00 inch
T3JkZXI6Nzk2NzY4MjIy,2026-04-13T20:16:58,U2hpcHBpbmdMYWJlbDo2MDM2MjEzNzg=,603621378,QWNjb3VudDo4MzY2Mw==,U2hpcG1lbnQ6NzgyNTA0MTc4,T3JkZXI6Nzk2NzY4MjIy,49983,POLY BUBBLE #1,valid,9200190380878200005017,9200190380878200005017,796768222,84983,usps_modern,Subscription shipping,USPS_GROUND_ADVANTAGE,5.29,02,shipping web,,,,,default,6467191275711,[],,Primary,115706,0.00,41752,shipping web,2026-04-13T20:16:58,https://tools.usps.com/go/TrackConfirmAction_input?strOrigTrackNum=9200190380878200005017,1,,UNKNOWN,False,,0.2150 lb,2.0000 inch,7.10 inch,10.70 inch
T3JkZXI6Nzk3NDAwNjY4,2026-04-13T20:23:36,U2hpcHBpbmdMYWJlbDo2MDM2MjU3NTQ=,603625754,QWNjb3VudDo4MzY2Mw==,U2hpcG1lbnQ6NzgyNTA4ODM4,T3JkZXI6Nzk3NDAwNjY4,49982,POLY BUBBLE #0,valid,9200190380878200005024,9200190380878200005024,797400668,84983,usps_modern,$6.99 Standard shipping (3-5 days),USPS_GROUND_ADVANTAGE,5.89,02,bulk ship,,,,,default,6467204612287,[],,Primary,115706,0.00,41752,bulk ship,2026-04-13T20:23:36,https://tools.usps.com/go/TrackConfirmAction_input?strOrigTrackNum=9200190380878200005024,1,,UNKNOWN,False,,0.7100 lb,2.0000 inch,5.80 inch,8.70 inch
T3JkZXI6Nzk2NzY5NDg3,2026-04-13T20:25:05,U2hpcHBpbmdMYWJlbDo2MDM2MjY3NTQ=,603626754,QWNjb3VudDo4MzY2Mw==,U2hpcG1lbnQ6NzgyNTA5ODgw,T3JkZXI6Nzk2NzY5NDg3,49983,POLY BUBBLE #1,valid,9200190380878200005031,9200190380878200005031,796769487,84983,usps_modern,$6.99 Standard shipping (3-5 days),USPS_GROUND_ADVANTAGE,5.22,02,shipping web,,,,,default,6467206185151,[],,Primary,115706,0.00,41752,shipping web,2026-04-13T20:25:05,https://tools.usps.com/go/TrackConfirmAction_input?strOrigTrackNum=9200190380878200005031,1,,UNKNOWN,False,,0.2150 lb,2.0000 inch,7.10 inch,10.70 inch
T3JkZXI6Nzk2NzY5MDA2,2026-04-13T20:27:30,U2hpcHBpbmdMYWJlbDo2MDM2Mjg1ODE=,603628581,QWNjb3VudDo4MzY2Mw==,U2hpcG1lbnQ6NzgyNTExODA2,T3JkZXI6Nzk2NzY5MDA2,46863,10X8X4,valid,9234690380878200009635,9234690380878200009635,796769006,84983,usps_modern,$6.99 Standard shipping (3-5 days),USPS_GROUND_ADVANTAGE,7.72,02,shipping web,,,,,default,6467213459647,[],,Primary,115706,0.00,41752,shipping web,2026-04-13T20:27:30,https://tools.usps.com/go/TrackConfirmAction_input?strOrigTrackNum=9234690380878200009635,1,,UNKNOWN,False,,3.0275 lb,4.0000 inch,8.00 inch,10.00 inch
T3JkZXI6Nzk2NzY5MDIw,2026-04-13T20:54:26,U2hpcHBpbmdMYWJlbDo2MDM2NDczMTU=,603647315,QWNjb3VudDo4MzY2Mw==,U2hpcG1lbnQ6NzgyNTMxNDE3,T3JkZXI6Nzk2NzY5MDIw,46863,10X8X4,valid,9234690380878200009642,9234690380878200009642,796769020,84983,usps_modern,Subscription shipping,USPS_GROUND_ADVANTAGE,6.29,02,shipping web,,,,,default,6467272573119,[],,Primary,115706,0.00,41752,shipping web,2026-04-13T20:54:26,https://tools.usps.com/go/TrackConfirmAction_input?strOrigTrackNum=9234690380878200009642,1,,UNKNOWN,False,,2.0213 lb,4.0000 inch,8.00 inch,10.00 inch
T3JkZXI6Nzk2ODI2NDI1,2026-04-13T20:59:20,U2hpcHBpbmdMYWJlbDo2MDM2NTAyNzc=,603650277,QWNjb3VudDo4MzY2Mw==,U2hpcG1lbnQ6NzgyNTM0NDky,T3JkZXI6Nzk2ODI2NDI1,46863,10X8X4,valid,9234690380878200009659,9234690380878200009659,796826425,84983,usps_modern,Free Standard Shipping (3-5 days),USPS_GROUND_ADVANTAGE,7.52,02,shipping web,,,,,default,6467282469055,[],,Primary,115706,0.00,41752,shipping web,2026-04-13T20:59:21,https://tools.usps.com/go/TrackConfirmAction_input?strOrigTrackNum=9234690380878200009659,1,,UNKNOWN,False,,4.2125 lb,4.0000 inch,8.00 inch,10.00 inch
T3JkZXI6Nzk2ODU4MzQ5,2026-04-13T21:02:44,U2hpcHBpbmdMYWJlbDo2MDM2NTIwOTU=,603652095,QWNjb3VudDo4MzY2Mw==,U2hpcG1lbnQ6NzgyNTM2Mzcw,T3JkZXI6Nzk2ODU4MzQ5,48204,POLY BUBBLE #2,valid,9234690380878200009666,9234690380878200009666,796858349,84983,usps_modern,Free Standard Shipping (3-5 days),USPS_GROUND_ADVANTAGE,7.52,02,shipping web,,,,,default,6467288006847,[],,Primary,115706,0.00,41752,shipping web,2026-04-13T21:02:44,https://tools.usps.com/go/TrackConfirmAction_input?strOrigTrackNum=9234690380878200009666,1,,UNKNOWN,False,,1.4100 lb,2.0000 inch,8.38 inch,10.75 inch
T3JkZXI6Nzk2OTY0MzY0,2026-04-13T21:04:34,U2hpcHBpbmdMYWJlbDo2MDM2NTMwNDA=,603653040,QWNjb3VudDo4MzY2Mw==,U2hpcG1lbnQ6NzgyNTM3MzUy,T3JkZXI6Nzk2OTY0MzY0,48204,POLY BUBBLE #2,valid,9234690380878200009673,9234690380878200009673,796964364,84983,usps_modern,Free Standard Shipping (3-5 days),USPS_GROUND_ADVANTAGE,6.68,02,shipping web,,,,,default,6467291250879,[],,Primary,115706,0.00,41752,shipping web,2026-04-13T21:04:34,https://tools.usps.com/go/TrackConfirmAction_input?strOrigTrackNum=9234690380878200009673,1,,UNKNOWN,False,,1.3000 lb,2.0000 inch,8.38 inch,10.75 inch
T3JkZXI6Nzk3MDEzMjYz,2026-04-13T21:07:37,U2hpcHBpbmdMYWJlbDo2MDM2NTQ4OTE=,603654891,QWNjb3VudDo4MzY2Mw==,U2hpcG1lbnQ6NzgyNTM5MzY0,T3JkZXI6Nzk3MDEzMjYz,46863,10X8X4,valid,9234690380878200009680,9234690380878200009680,797013263,84983,usps_modern,Free Standard Shipping (3-5 days),USPS_GROUND_ADVANTAGE,6.68,02,shipping web,,,,,default,6467300294847,[],,Primary,115706,0.00,41752,shipping web,2026-04-13T21:07:37,https://tools.usps.com/go/TrackConfirmAction_input?strOrigTrackNum=9234690380878200009680,1,,UNKNOWN,False,,2.5225 lb,4.0000 inch,8.00 inch,10.00 inch
T3JkZXI6Nzk3MDM1NTkw,2026-04-13T21:09:54,U2hpcHBpbmdMYWJlbDo2MDM2NTYxNDg=,603656148,QWNjb3VudDo4MzY2Mw==,U2hpcG1lbnQ6NzgyNTQwNjkz,T3JkZXI6Nzk3MDM1NTkw,46863,10X8X4,valid,9234690380878200009697,9234690380878200009697,797035590,84983,usps_modern,Free Standard Shipping (3-5 days),USPS_GROUND_ADVANTAGE,6.68,02,shipping web,,,,,default,6467304947903,[],,Primary,115706,0.00,41752,shipping web,2026-04-13T21:09:54,https://tools.usps.com/go/TrackConfirmAction_input?strOrigTrackNum=9234690380878200009697,1,,UNKNOWN,False,,2.0675 lb,4.0000 inch,8.00 inch,10.00 inch
T3JkZXI6Nzk3MDU1NjY2,2026-04-13T21:11:25,U2hpcHBpbmdMYWJlbDo2MDM2NTY5MTM=,603656913,QWNjb3VudDo4MzY2Mw==,U2hpcG1lbnQ6NzgyNTQxNTg1,T3JkZXI6Nzk3MDU1NjY2,48203,8X4X4,valid,9234690380878200009703,9234690380878200009703,797055666,84983,usps_modern,Free Standard Shipping (3-5 days),USPS_GROUND_ADVANTAGE,7.31,02,shipping web,,,,,default,6467308060863,[],,Primary,115706,0.00,41752,shipping web,2026-04-13T21:11:25,https://tools.usps.com/go/TrackConfirmAction_input?strOrigTrackNum=9234690380878200009703,1,,UNKNOWN,False,,2.1700 lb,4.0000 inch,4.00 inch,8.00 inch
T3JkZXI6Nzk3MjQyODQw,2026-04-13T21:15:35,U2hpcHBpbmdMYWJlbDo2MDM2NTkxNDk=,603659149,QWNjb3VudDo4MzY2Mw==,U2hpcG1lbnQ6NzgyNTQ0MDc0,T3JkZXI6Nzk3MjQyODQw,46863,10X8X4,valid,9234690380878200009710,9234690380878200009710,797242840,84983,usps_modern,Free Standard Shipping (3-5 days),USPS_GROUND_ADVANTAGE,6.68,02,shipping web,,,,,default,6467314024639,[],,Primary,115706,0.00,41752,shipping web,2026-04-13T21:15:35,https://tools.usps.com/go/TrackConfirmAction_input?strOrigTrackNum=9234690380878200009710,1,,UNKNOWN,False,,2.0175 lb,4.0000 inch,8.00 inch,10.00 inch
T3JkZXI6Nzk3MjY4Mjc1,2026-04-13T21:18:31,U2hpcHBpbmdMYWJlbDo2MDM2NjA0OTU=,603660495,QWNjb3VudDo4MzY2Mw==,U2hpcG1lbnQ6NzgyNTQ1NDc0,T3JkZXI6Nzk3MjY4Mjc1,46863,10X8X4,valid,9234690380878200009727,9234690380878200009727,797268275,84983,usps_modern,Free Standard Shipping (3-5 days),USPS_GROUND_ADVANTAGE,8.97,02,shipping web,,,,,default,6467322183871,[],,Primary,115706,0.00,41752,shipping web,2026-04-13T21:18:31,https://tools.usps.com/go/TrackConfirmAction_input?strOrigTrackNum=9234690380878200009727,1,,UNKNOWN,False,,3.0100 lb,4.0000 inch,8.00 inch,10.00 inch
T3JkZXI6Nzk3MzEwNTgx,2026-04-13T21:22:08,U2hpcHBpbmdMYWJlbDo2MDM2NjIyMDI=,603662202,QWNjb3VudDo4MzY2Mw==,U2hpcG1lbnQ6NzgyNTQ3MzEx,T3JkZXI6Nzk3MzEwNTgx,48203,8X4X4,valid,9234690380878200009734,9234690380878200009734,797310581,84983,usps_modern,Free Standard Shipping (3-5 days),USPS_GROUND_ADVANTAGE,8.10,02,shipping web,,,,,default,6467327099071,[],,Primary,115706,0.00,41752,shipping web,2026-04-13T21:22:08,https://tools.usps.com/go/TrackConfirmAction_input?strOrigTrackNum=9234690380878200009734,1,,UNKNOWN,False,,2.3194 lb,4.0000 inch,4.00 inch,8.00 inch
T3JkZXI6Nzk3MzE0NjM4,2026-04-13T21:23:01,U2hpcHBpbmdMYWJlbDo2MDM2NjI5MDY=,603662906,QWNjb3VudDo4MzY2Mw==,U2hpcG1lbnQ6NzgyNTQ4MDMw,T3JkZXI6Nzk3MzE0NjM4,46863,10X8X4,valid,9234690380878200009741,9234690380878200009741,797314638,84983,usps_modern,Free Standard Shipping (3-5 days),USPS_GROUND_ADVANTAGE,6.68,02,shipping web,,,,,default,6467329261759,[],,Primary,115706,0.00,41752,shipping web,2026-04-13T21:23:01,https://tools.usps.com/go/TrackConfirmAction_input?strOrigTrackNum=9234690380878200009741,1,,UNKNOWN,False,,2.5494 lb,4.0000 inch,8.00 inch,10.00 inch
T3JkZXI6Nzk3MzIzNDYx,2026-04-13T21:25:30,U2hpcHBpbmdMYWJlbDo2MDM2NjQzMTM=,603664313,QWNjb3VudDo4MzY2Mw==,U2hpcG1lbnQ6NzgyNTQ5NDQ5,T3JkZXI6Nzk3MzIzNDYx,46863,10X8X4,valid,9234690380878200009758,9234690380878200009758,797323461,84983,usps_modern,Free Standard Shipping (3-5 days),USPS_GROUND_ADVANTAGE,6.68,02,shipping web,,,,,default,6467335454911,[],,Primary,115706,0.00,41752,shipping web,2026-04-13T21:25:30,https://tools.usps.com/go/TrackConfirmAction_input?strOrigTrackNum=9234690380878200009758,1,,UNKNOWN,False,,2.6675 lb,4.0000 inch,8.00 inch,10.00 inch
T3JkZXI6Nzk3MzIzOTYx,2026-04-13T21:27:20,U2hpcHBpbmdMYWJlbDo2MDM2NjU0NjI=,603665462,QWNjb3VudDo4MzY2Mw==,U2hpcG1lbnQ6NzgyNTUwNjUz,T3JkZXI6Nzk3MzIzOTYx,49981,POLY BUBBLE #00,valid,9200190380878200005048,9200190380878200005048,797323961,84983,usps_modern,Subscription shipping,USPS_GROUND_ADVANTAGE,5.45,02,shipping web,,,,,default,6467339452607,[],,Primary,115706,0.00,41752,shipping web,2026-04-13T21:27:20,https://tools.usps.com/go/TrackConfirmAction_input?strOrigTrackNum=9200190380878200005048,1,,UNKNOWN,False,,0.3131 lb,2.0000 inch,4.80 inch,8.65 inch
T3JkZXI6Nzk3MzIzMjU5,2026-04-13T21:28:09,U2hpcHBpbmdMYWJlbDo2MDM2NjYwNjQ=,603666064,QWNjb3VudDo4MzY2Mw==,U2hpcG1lbnQ6NzgyNTUxMjcx,T3JkZXI6Nzk3MzIzMjU5,49982,POLY BUBBLE #0,valid,9200190380878200005055,9200190380878200005055,797323259,84983,usps_modern,$6.99 Standard shipping (3-5 days),USPS_GROUND_ADVANTAGE,5.89,02,shipping web,,,,,default,6467340632255,[],,Primary,115706,0.00,41752,shipping web,2026-04-13T21:28:09,https://tools.usps.com/go/TrackConfirmAction_input?strOrigTrackNum=9200190380878200005055,1,,UNKNOWN,False,,0.7500 lb,2.0000 inch,5.80 inch,8.70 inch
T3JkZXI6Nzk3MzI0OTIy,2026-04-13T21:29:56,U2hpcHBpbmdMYWJlbDo2MDM2NjY4OTM=,603666893,QWNjb3VudDo4MzY2Mw==,U2hpcG1lbnQ6NzgyNTUyMTE0,T3JkZXI6Nzk3MzI0OTIy,46863,10X8X4,valid,9234690380878200009765,9234690380878200009765,797324922,84983,usps_modern,$6.99 Standard shipping (3-5 days),USPS_GROUND_ADVANTAGE,6.68,02,shipping web,,,,,default,6467343220927,[],,Primary,115706,0.00,41752,shipping web,2026-04-13T21:29:57,https://tools.usps.com/go/TrackConfirmAction_input?strOrigTrackNum=9234690380878200009765,1,,UNKNOWN,False,,1.9675 lb,4.0000 inch,8.00 inch,10.00 inch
T3JkZXI6Nzk3MzI0NjA4,2026-04-13T21:34:42,U2hpcHBpbmdMYWJlbDo2MDM2Njk2ODM=,603669683,QWNjb3VudDo4MzY2Mw==,U2hpcG1lbnQ6NzgyNTU1MDUy,T3JkZXI6Nzk3MzI0NjA4,46863,10X8X4,valid,9234690380878200009772,9234690380878200009772,797324608,84983,usps_modern,Free Standard Shipping (3-5 days),USPS_GROUND_ADVANTAGE,8.68,02,shipping web,,,,,default,6467348627647,[],,Primary,115706,0.00,41752,shipping web,2026-04-13T21:34:42,https://tools.usps.com/go/TrackConfirmAction_input?strOrigTrackNum=9234690380878200009772,1,,UNKNOWN,False,,3.9000 lb,4.0000 inch,8.00 inch,10.00 inch
T3JkZXI6Nzk3MzI1MjI3,2026-04-13T21:35:43,U2hpcHBpbmdMYWJlbDo2MDM2NzAxNDU=,603670145,QWNjb3VudDo4MzY2Mw==,U2hpcG1lbnQ6NzgyNTU1NTIz,T3JkZXI6Nzk3MzI1MjI3,46863,10X8X4,valid,9234690380878200009789,9234690380878200009789,797325227,84983,usps_modern,Free Standard Shipping (3-5 days),USPS_GROUND_ADVANTAGE,6.68,02,shipping web,,,,,default,6467349381311,[],,Primary,115706,0.00,41752,shipping web,2026-04-13T21:35:43,https://tools.usps.com/go/TrackConfirmAction_input?strOrigTrackNum=9234690380878200009789,1,,UNKNOWN,False,,4.4475 lb,4.0000 inch,8.00 inch,10.00 inch
T3JkZXI6Nzk3MzU1OTY3,2026-04-13T21:41:15,U2hpcHBpbmdMYWJlbDo2MDM2NzMwMjc=,603673027,QWNjb3VudDo4MzY2Mw==,U2hpcG1lbnQ6NzgyNTU4NDkx,T3JkZXI6Nzk3MzU1OTY3,48203,8X4X4,valid,9234690380878200009796,9234690380878200009796,797355967,84983,usps_modern,Free Standard Shipping (3-5 days),USPS_GROUND_ADVANTAGE,8.83,02,shipping web,,,,,default,6467356754111,[],,Primary,115706,0.00,41752,shipping web,2026-04-13T21:41:15,https://tools.usps.com/go/TrackConfirmAction_input?strOrigTrackNum=9234690380878200009796,1,,UNKNOWN,False,,2.2300 lb,4.0000 inch,4.00 inch,8.00 inch
T3JkZXI6Nzk3MzYyNjU5,2026-04-13T21:43:37,U2hpcHBpbmdMYWJlbDo2MDM2NzQwMzY=,603674036,QWNjb3VudDo4MzY2Mw==,U2hpcG1lbnQ6NzgyNTU5NTU0,T3JkZXI6Nzk3MzYyNjU5,46863,10X8X4,valid,9234690380878200009802,9234690380878200009802,797362659,84983,usps_modern,Free Standard Shipping (3-5 days),USPS_GROUND_ADVANTAGE,8.68,02,shipping web,,,,,default,6467360129215,[],,Primary,115706,0.00,41752,shipping web,2026-04-13T21:43:38,https://tools.usps.com/go/TrackConfirmAction_input?strOrigTrackNum=9234690380878200009802,1,,UNKNOWN,False,,2.0675 lb,4.0000 inch,8.00 inch,10.00 inch
T3JkZXI6Nzk3MzgyMjIw,2026-04-13T21:44:29,U2hpcHBpbmdMYWJlbDo2MDM2NzQzOTc=,603674397,QWNjb3VudDo4MzY2Mw==,U2hpcG1lbnQ6NzgyNTU5OTM4,T3JkZXI6Nzk3MzgyMjIw,49982,POLY BUBBLE #0,valid,9200190380878200005062,9200190380878200005062,797382220,84983,usps_modern,Free Standard Shipping (3-5 days),USPS_GROUND_ADVANTAGE,7.78,02,shipping web,,,,,default,6467361439935,[],,Primary,115706,0.00,41752,shipping web,2026-04-13T21:44:29,https://tools.usps.com/go/TrackConfirmAction_input?strOrigTrackNum=9200190380878200005062,1,,UNKNOWN,False,,0.8500 lb,2.0000 inch,5.80 inch,8.70 inch
T3JkZXI6Nzk3Mzk5NzA0,2026-04-13T21:50:29,U2hpcHBpbmdMYWJlbDo2MDM2NzcwNzc=,603677077,QWNjb3VudDo4MzY2Mw==,U2hpcG1lbnQ6NzgyNTYyNzkw,T3JkZXI6Nzk3Mzk5NzA0,46863,10X8X4,valid,9234690380878200009819,9234690380878200009819,797399704,84983,usps_modern,Free Standard Shipping (3-5 days),USPS_GROUND_ADVANTAGE,9.87,02,shipping web,,,,,default,6467367436479,[],,Primary,115706,0.00,41752,shipping web,2026-04-13T21:50:29,https://tools.usps.com/go/TrackConfirmAction_input?strOrigTrackNum=9234690380878200009819,1,,UNKNOWN,False,,2.7500 lb,4.0000 inch,8.00 inch,10.00 inch
T3JkZXI6Nzk2ODkzODA2,2026-04-13T21:51:13,U2hpcHBpbmdMYWJlbDo2MDM2Nzc0MDQ=,603677404,QWNjb3VudDo4MzY2Mw==,U2hpcG1lbnQ6NzgyNTYzMTE5,T3JkZXI6Nzk2ODkzODA2,49983,POLY BUBBLE #1,valid,9200190380878200005079,9200190380878200005079,796893806,84983,usps_modern,Free Standard Shipping (3-5 days),USPS_GROUND_ADVANTAGE,6.60,02,shipping web,,,,,default,6467368419519,[],,Primary,115706,0.00,41752,shipping web,2026-04-13T21:51:13,https://tools.usps.com/go/TrackConfirmAction_input?strOrigTrackNum=9200190380878200005079,1,,UNKNOWN,False,,0.6775 lb,2.0000 inch,7.10 inch,10.70 inch
T3JkZXI6Nzk3NDI5ODg2,2026-04-13T21:53:38,U2hpcHBpbmdMYWJlbDo2MDM2Nzg0Mzk=,603678439,QWNjb3VudDo4MzY2Mw==,U2hpcG1lbnQ6NzgyNTY0MjAy,T3JkZXI6Nzk3NDI5ODg2,46863,10X8X4,valid,9234690380878200009826,9234690380878200009826,797429886,84983,usps_modern,Free Standard Shipping (3-5 days),USPS_GROUND_ADVANTAGE,6.68,02,shipping web,,,,,default,6467371532479,[],,Primary,115706,0.00,41752,shipping web,2026-04-13T21:53:38,https://tools.usps.com/go/TrackConfirmAction_input?strOrigTrackNum=9234690380878200009826,1,,UNKNOWN,False,,3.5600 lb,4.0000 inch,8.00 inch,10.00 inch
T3JkZXI6Nzk3NDM1Mzgw,2026-04-13T21:54:36,U2hpcHBpbmdMYWJlbDo2MDM2Nzg4MDY=,603678806,QWNjb3VudDo4MzY2Mw==,U2hpcG1lbnQ6NzgyNTY0NjEw,T3JkZXI6Nzk3NDM1Mzgw,48204,POLY BUBBLE #2,valid,9234690380878200009833,9234690380878200009833,797435380,84983,usps_modern,Free Standard Shipping (3-5 days),USPS_GROUND_ADVANTAGE,6.68,02,shipping web,,,,,default,6467373564095,[],,Primary,115706,0.00,41752,shipping web,2026-04-13T21:54:36,https://tools.usps.com/go/TrackConfirmAction_input?strOrigTrackNum=9234690380878200009833,1,,UNKNOWN,False,,1.1200 lb,2.0000 inch,8.38 inch,10.75 inch
T3JkZXI6Nzk3NDU1MjA4,2026-04-14T14:53:14,U2hpcHBpbmdMYWJlbDo2MDM5NzUwNjA=,603975060,QWNjb3VudDo4MzY2Mw==,U2hpcG1lbnQ6NzgyOTA0NTYy,T3JkZXI6Nzk3NDU1MjA4,46863,10X8X4,valid,9234690380878200009840,9234690380878200009840,797455208,84983,usps_modern,Free Standard Shipping (3-5 days),USPS_GROUND_ADVANTAGE,8.97,02,shipping web,,,,,default,6468848779455,[],,Primary,115706,0.00,41752,shipping web,2026-04-14T14:53:14,https://tools.usps.com/go/TrackConfirmAction_input?strOrigTrackNum=9234690380878200009840,1,,UNKNOWN,False,,2.0675 lb,4.0000 inch,8.00 inch,10.00 inch
T3JkZXI6Nzk3NDU1NzQ4,2026-04-14T14:57:56,U2hpcHBpbmdMYWJlbDo2MDM5ODAxNjg=,603980168,QWNjb3VudDo4MzY2Mw==,U2hpcG1lbnQ6NzgyOTEwNTEz,T3JkZXI6Nzk3NDU1NzQ4,46863,10X8X4,valid,9234690380878200009857,9234690380878200009857,797455748,84983,usps_modern,Free Standard Shipping (3-5 days),USPS_GROUND_ADVANTAGE,9.65,02,shipping web,,,,,default,6468863230143,[],,Primary,115706,0.00,41752,shipping web,2026-04-14T14:57:56,https://tools.usps.com/go/TrackConfirmAction_input?strOrigTrackNum=9234690380878200009857,1,,UNKNOWN,False,,4.9600 lb,4.0000 inch,8.00 inch,10.00 inch
T3JkZXI6Nzk3NDU1Njc0,2026-04-14T14:59:45,U2hpcHBpbmdMYWJlbDo2MDM5ODE5NTY=,603981956,QWNjb3VudDo4MzY2Mw==,U2hpcG1lbnQ6NzgyOTEyNzE3,T3JkZXI6Nzk3NDU1Njc0,46863,10X8X4,valid,9234690380878200009864,9234690380878200009864,797455674,84983,usps_modern,Free Standard Shipping (3-5 days),USPS_GROUND_ADVANTAGE,7.52,02,shipping web,,,,,default,6468868735167,[],,Primary,115706,0.00,41752,shipping web,2026-04-14T14:59:46,https://tools.usps.com/go/TrackConfirmAction_input?strOrigTrackNum=9234690380878200009864,1,,UNKNOWN,False,,2.1300 lb,4.0000 inch,8.00 inch,10.00 inch
T3JkZXI6Nzk3NjcwMDI4,2026-04-14T15:10:18,U2hpcHBpbmdMYWJlbDo2MDM5OTE3OTY=,603991796,QWNjb3VudDo4MzY2Mw==,U2hpcG1lbnQ6NzgyOTIzMjcx,T3JkZXI6Nzk3NjcwMDI4,46875,M-POLY,valid,9234690380878200009871,9234690380878200009871,797670028,84985,usps_modern,Economy,USPS_GROUND_ADVANTAGE,7.41,02,shipping web,,,,,default,6238712627478,[],,Primary,115706,0.00,41752,shipping web,2026-04-14T15:10:18,https://tools.usps.com/go/TrackConfirmAction_input?strOrigTrackNum=9234690380878200009871,1,,UNKNOWN,False,,2.0400 lb,2.0000 inch,14.50 inch,16.00 inch
T3JkZXI6Nzk3NTU2Nzgy,2026-04-14T15:11:55,U2hpcHBpbmdMYWJlbDo2MDM5OTM2OTM=,603993693,QWNjb3VudDo4MzY2Mw==,U2hpcG1lbnQ6NzgyOTI1Mjkx,T3JkZXI6Nzk3NTU2Nzgy,46875,M-POLY,valid,9234690380878200009888,9234690380878200009888,797556782,84985,usps_modern,Economy,USPS_GROUND_ADVANTAGE,7.41,02,shipping web,,,,,default,6238718689558,[],,Primary,115706,0.00,41752,shipping web,2026-04-14T15:11:55,https://tools.usps.com/go/TrackConfirmAction_input?strOrigTrackNum=9234690380878200009888,1,,UNKNOWN,False,,2.0400 lb,2.0000 inch,14.50 inch,16.00 inch
T3JkZXI6Nzk3NDc2Mjcy,2026-04-14T15:19:42,U2hpcHBpbmdMYWJlbDo2MDQwMDEzMjc=,604001327,QWNjb3VudDo4MzY2Mw==,U2hpcG1lbnQ6NzgyOTMzNDUy,T3JkZXI6Nzk3NDc2Mjcy,46863,10X8X4,valid,9234690380878200009895,9234690380878200009895,797476272,84983,usps_modern,Free Standard Shipping (3-5 days),USPS_GROUND_ADVANTAGE,7.52,02,shipping web,,,,,default,6468920311999,[],,Primary,115706,0.00,41752,shipping web,2026-04-14T15:19:42,https://tools.usps.com/go/TrackConfirmAction_input?strOrigTrackNum=9234690380878200009895,1,,UNKNOWN,False,,2.1900 lb,4.0000 inch,8.00 inch,10.00 inch
T3JkZXI6Nzk3NTEwNDQz,2026-04-14T15:22:12,U2hpcHBpbmdMYWJlbDo2MDQwMDM0NTY=,604003456,QWNjb3VudDo4MzY2Mw==,U2hpcG1lbnQ6NzgyOTM1NzE4,T3JkZXI6Nzk3NTEwNDQz,48203,8X4X4,valid,9234690380878200009901,9234690380878200009901,797510443,84983,usps_modern,Free Standard Shipping (3-5 days),USPS_GROUND_ADVANTAGE,8.35,02,shipping web,,,,,default,6468926800063,[],,Primary,115706,0.00,41752,shipping web,2026-04-14T15:22:12,https://tools.usps.com/go/TrackConfirmAction_input?strOrigTrackNum=9234690380878200009901,1,,UNKNOWN,False,,1.9300 lb,4.0000 inch,4.00 inch,8.00 inch
T3JkZXI6Nzk3NjAwNTc3,2026-04-14T15:23:19,U2hpcHBpbmdMYWJlbDo2MDQwMDQ0Mjc=,604004427,QWNjb3VudDo4MzY2Mw==,U2hpcG1lbnQ6NzgyOTM2NzA2,T3JkZXI6Nzk3NjAwNTc3,46863,10X8X4,valid,9200190380878200005086,9200190380878200005086,797600577,84984,usps_modern,Fast,USPS_GROUND_ADVANTAGE,6.09,02,shipping web,,,,,default,6647489986730,[],,Primary,115706,0.00,41752,shipping web,2026-04-14T15:23:19,https://tools.usps.com/go/TrackConfirmAction_input?strOrigTrackNum=9200190380878200005086,1,,UNKNOWN,False,,0.6525 lb,4.0000 inch,8.00 inch,10.00 inch
T3JkZXI6Nzk3MzIzOTA3,2026-04-14T15:24:40,U2hpcHBpbmdMYWJlbDo2MDQwMDU3NTU=,604005755,QWNjb3VudDo4MzY2Mw==,U2hpcG1lbnQ6NzgyOTM4MDU2,T3JkZXI6Nzk3MzIzOTA3,49983,POLY BUBBLE #1,valid,9200190380878200005093,9200190380878200005093,797323907,84983,usps_modern,$6.99 Standard shipping (3-5 days),USPS_GROUND_ADVANTAGE,5.39,02,shipping web,,,,,default,6468931616959,[],,Primary,115706,0.00,41752,shipping web,2026-04-14T15:24:40,https://tools.usps.com/go/TrackConfirmAction_input?strOrigTrackNum=9200190380878200005093,1,,UNKNOWN,False,,0.3175 lb,2.0000 inch,7.10 inch,10.70 inch
T3JkZXI6Nzg1OTk1MDcz,2026-04-14T15:25:52,U2hpcHBpbmdMYWJlbDo2MDQwMDY2NDk=,604006649,QWNjb3VudDo4MzY2Mw==,U2hpcG1lbnQ6NzgyOTM4OTg2,T3JkZXI6Nzg1OTk1MDcz,48203,8X4X4,valid,9234690380878200009918,9234690380878200009918,785995073,84983,usps_modern,Free Standard Shipping (3-5 days),USPS_GROUND_ADVANTAGE,8.10,02,shipping web,,,,,default,6420373995711,[],,Primary,115706,0.00,41752,shipping web,2026-04-14T15:25:52,https://tools.usps.com/go/TrackConfirmAction_input?strOrigTrackNum=9234690380878200009918,1,,UNKNOWN,False,,2.0900 lb,4.0000 inch,4.00 inch,8.00 inch
T3JkZXI6Nzk3NjU3MTQw,2026-04-14T15:25:55,U2hpcHBpbmdMYWJlbDo2MDQwMDY2ODE=,604006681,QWNjb3VudDo4MzY2Mw==,U2hpcG1lbnQ6NzgyOTM5MDI0,T3JkZXI6Nzk3NjU3MTQw,56814,L-POLY,valid,9234690380878200009925,9234690380878200009925,797657140,85157,usps_modern,Standard Shipping,USPS_GROUND_ADVANTAGE,7.57,02,shipping web,,,,,default,6094404518112,[],,Primary,115706,0.00,41752,shipping web,2026-04-14T15:25:55,https://tools.usps.com/go/TrackConfirmAction_input?strOrigTrackNum=9234690380878200009925,1,,UNKNOWN,False,,1.2344 lb,1.0000 inch,12.00 inch,20.00 inch
T3JkZXI6Nzk3NTc0NTYx,2026-04-14T15:30:51,U2hpcHBpbmdMYWJlbDo2MDQwMTEwMDU=,604011005,QWNjb3VudDo4MzY2Mw==,U2hpcG1lbnQ6NzgyOTQzNzUx,T3JkZXI6Nzk3NTc0NTYx,49981,POLY BUBBLE #00,valid,9200190380878200005109,9200190380878200005109,797574561,84983,usps_modern,$6.99 Standard shipping (3-5 days),USPS_GROUND_ADVANTAGE,5.62,02,shipping web,,,,,default,6468946231487,[],,Primary,115706,0.00,41752,shipping web,2026-04-14T15:30:51,https://tools.usps.com/go/TrackConfirmAction_input?strOrigTrackNum=9200190380878200005109,1,,UNKNOWN,False,,0.4600 lb,2.0000 inch,4.80 inch,8.65 inch
T3JkZXI6Nzk3NTk2ODUx,2026-04-14T15:33:29,U2hpcHBpbmdMYWJlbDo2MDQwMTM0OTI=,604013492,QWNjb3VudDo4MzY2Mw==,U2hpcG1lbnQ6NzgyOTQ2MzE3,T3JkZXI6Nzk3NTk2ODUx,48203,8X4X4,valid,9234690380878200009932,9234690380878200009932,797596851,84983,usps_modern,Free Standard Shipping (3-5 days),USPS_GROUND_ADVANTAGE,8.83,02,shipping web,,,,,default,6468950786239,[],,Primary,115706,0.00,41752,shipping web,2026-04-14T15:33:30,https://tools.usps.com/go/TrackConfirmAction_input?strOrigTrackNum=9234690380878200009932,1,,UNKNOWN,False,,2.2300 lb,4.0000 inch,4.00 inch,8.00 inch
T3JkZXI6Nzk3NjI2MDgx,2026-04-14T15:37:19,U2hpcHBpbmdMYWJlbDo2MDQwMTcxNDU=,604017145,QWNjb3VudDo4MzY2Mw==,U2hpcG1lbnQ6NzgyOTUwMzA2,T3JkZXI6Nzk3NjI2MDgx,48204,POLY BUBBLE #2,valid,9234690380878200009949,9234690380878200009949,797626081,84983,usps_modern,Free Standard Shipping (3-5 days),USPS_GROUND_ADVANTAGE,6.29,02,shipping web,,,,,default,6468958814399,[],,Primary,115706,0.00,41752,shipping web,2026-04-14T15:37:19,https://tools.usps.com/go/TrackConfirmAction_input?strOrigTrackNum=9234690380878200009949,1,,UNKNOWN,False,,1.3900 lb,2.0000 inch,8.38 inch,10.75 inch
T3JkZXI6Nzk3NjQxMjg5,2026-04-14T15:38:58,U2hpcHBpbmdMYWJlbDo2MDQwMTg5Mjk=,604018929,QWNjb3VudDo4MzY2Mw==,U2hpcG1lbnQ6NzgyOTUyMTE2,T3JkZXI6Nzk3NjQxMjg5,49982,POLY BUBBLE #0,valid,9200190380878200005116,9200190380878200005116,797641289,84983,usps_modern,$6.99 Standard shipping (3-5 days),USPS_GROUND_ADVANTAGE,6.60,02,shipping web,,,,,default,6468960944319,[],,Primary,115706,0.00,41752,shipping web,2026-04-14T15:38:58,https://tools.usps.com/go/TrackConfirmAction_input?strOrigTrackNum=9200190380878200005116,1,,UNKNOWN,False,,0.7000 lb,2.0000 inch,5.80 inch,8.70 inch
T3JkZXI6Nzk3NjUyMjE5,2026-04-14T15:39:54,U2hpcHBpbmdMYWJlbDo2MDQwMTk1OTk=,604019599,QWNjb3VudDo4MzY2Mw==,U2hpcG1lbnQ6NzgyOTUyODI5,T3JkZXI6Nzk3NjUyMjE5,48203,8X4X4,valid,9234690380878200009956,9234690380878200009956,797652219,84983,usps_modern,$6.99 Standard shipping (3-5 days),USPS_GROUND_ADVANTAGE,6.50,02,shipping web,,,,,default,6468962189503,[],,Primary,115706,0.00,41752,shipping web,2026-04-14T15:39:54,https://tools.usps.com/go/TrackConfirmAction_input?strOrigTrackNum=9234690380878200009956,1,,UNKNOWN,False,,1.6000 lb,4.0000 inch,4.00 inch,8.00 inch
T3JkZXI6Nzk3NjUyMTg3,2026-04-14T15:40:29,U2hpcHBpbmdMYWJlbDo2MDQwMjAxMDU=,604020105,QWNjb3VudDo4MzY2Mw==,U2hpcG1lbnQ6NzgyOTUzMzU4,T3JkZXI6Nzk3NjUyMTg3,49981,POLY BUBBLE #00,valid,9200190380878200005123,9200190380878200005123,797652187,84983,usps_modern,$4.99 Standard shipping (3-5 days),USPS_GROUND_ADVANTAGE,5.00,02,shipping web,,,,,default,6468963139775,[],,Primary,115706,0.00,41752,shipping web,2026-04-14T15:40:29,https://tools.usps.com/go/TrackConfirmAction_input?strOrigTrackNum=9200190380878200005123,1,,UNKNOWN,False,,0.2200 lb,2.0000 inch,4.80 inch,8.65 inch
T3JkZXI6Nzk3NjcwMzQ2,2026-04-14T15:42:10,U2hpcHBpbmdMYWJlbDo2MDQwMjIwMTU=,604022015,QWNjb3VudDo4MzY2Mw==,U2hpcG1lbnQ6NzgyOTU1NDMy,T3JkZXI6Nzk3NjcwMzQ2,49982,POLY BUBBLE #0,valid,9200190380878200005130,9200190380878200005130,797670346,84983,usps_modern,$6.99 Standard shipping (3-5 days),USPS_GROUND_ADVANTAGE,5.78,02,shipping web,,,,,default,6468966285503,[],,Primary,115706,0.00,41752,shipping web,2026-04-14T15:42:10,https://tools.usps.com/go/TrackConfirmAction_input?strOrigTrackNum=9200190380878200005130,1,,UNKNOWN,False,,0.7100 lb,2.0000 inch,5.80 inch,8.70 inch
T3JkZXI6Nzk3NjY1Mzgy,2026-04-14T15:43:41,U2hpcHBpbmdMYWJlbDo2MDQwMjQzODI=,604024382,QWNjb3VudDo4MzY2Mw==,U2hpcG1lbnQ6NzgyOTU3ODk1,T3JkZXI6Nzk3NjY1Mzgy,48203,8X4X4,valid,9234690380878200009963,9234690380878200009963,797665382,84983,usps_modern,Free Standard Shipping (3-5 days),USPS_GROUND_ADVANTAGE,6.50,02,shipping web,,,,,default,6468969726143,[],,Primary,115706,0.00,41752,shipping web,2026-04-14T15:43:41,https://tools.usps.com/go/TrackConfirmAction_input?strOrigTrackNum=9234690380878200009963,1,,UNKNOWN,False,,2.4000 lb,4.0000 inch,4.00 inch,8.00 inch
T3JkZXI6Nzk3NjY1NDE1,2026-04-14T15:44:25,U2hpcHBpbmdMYWJlbDo2MDQwMjQ5ODc=,604024987,QWNjb3VudDo4MzY2Mw==,U2hpcG1lbnQ6NzgyOTU4NTQy,T3JkZXI6Nzk3NjY1NDE1,46863,10X8X4,valid,9234690380878200009970,9234690380878200009970,797665415,84983,usps_modern,Free Standard Shipping (3-5 days),USPS_GROUND_ADVANTAGE,6.68,02,shipping web,,,,,default,6468971135167,[],,Primary,115706,0.00,41752,shipping web,2026-04-14T15:44:25,https://tools.usps.com/go/TrackConfirmAction_input?strOrigTrackNum=9234690380878200009970,1,,UNKNOWN,False,,4.3494 lb,4.0000 inch,8.00 inch,10.00 inch
T3JkZXI6Nzk3Njk4Mjkx,2026-04-14T15:47:38,U2hpcHBpbmdMYWJlbDo2MDQwMjc1MTk=,604027519,QWNjb3VudDo4MzY2Mw==,U2hpcG1lbnQ6NzgyOTYxMjAx,T3JkZXI6Nzk3Njk4Mjkx,46875,M-POLY,valid,9234690380878200009987,9234690380878200009987,797698291,85157,usps_modern,Standard Shipping,USPS_GROUND_ADVANTAGE,7.57,02,shipping web,,,,,default,6094458061024,[],,Primary,115706,0.00,41752,shipping web,2026-04-14T15:47:38,https://tools.usps.com/go/TrackConfirmAction_input?strOrigTrackNum=9234690380878200009987,1,,UNKNOWN,False,,1.0088 lb,2.0000 inch,14.50 inch,16.00 inch
T3JkZXI6Nzk3NzAyMDUw,2026-04-14T15:48:50,U2hpcHBpbmdMYWJlbDo2MDQwMjg0NjA=,604028460,QWNjb3VudDo4MzY2Mw==,U2hpcG1lbnQ6NzgyOTYyMjIx,T3JkZXI6Nzk3NzAyMDUw,46874,S-POLY,valid,9205590380878200000275,9205590380878200000275,797702050,83998,usps_modern,USPS Ground Advantage,PRIORITY_MAIL,14.09,02,shipping web,,,,,default,5987748872510,[],,Primary,115706,0.00,41752,shipping web,2026-04-14T15:48:50,https://tools.usps.com/go/TrackConfirmAction_input?strOrigTrackNum=9205590380878200000275,1,,UNKNOWN,False,,0.3800 lb,2.0000 inch,10.00 inch,12.00 inch
T3JkZXI6Nzk3ODgxMzY4,2026-04-14T16:06:17,U2hpcHBpbmdMYWJlbDo2MDQwNDc1Njg=,604047568,QWNjb3VudDo4MzY2Mw==,U2hpcG1lbnQ6NzgyOTgyNDI0,T3JkZXI6Nzk3ODgxMzY4,46874,S-POLY,valid,9200190380878200005147,9200190380878200005147,797881368,84868,usps_modern,Standard Shipping,USPS_GROUND_ADVANTAGE,5.39,02,shipping web,,,,,default,6160493936888,[],,Primary,115706,0.00,41752,shipping web,2026-04-14T16:06:17,https://tools.usps.com/go/TrackConfirmAction_input?strOrigTrackNum=9200190380878200005147,1,,UNKNOWN,False,,0.3381 lb,2.0000 inch,10.00 inch,12.00 inch
T3JkZXI6Nzk3Nzk2OTg3,2026-04-14T16:57:10,U2hpcHBpbmdMYWJlbDo2MDQwOTIzNjU=,604092365,QWNjb3VudDo4MzY2Mw==,U2hpcG1lbnQ6NzgzMDMwODU5,T3JkZXI6Nzk3Nzk2OTg3,49982,POLY BUBBLE #0,valid,9200190380878200005154,9200190380878200005154,797796987,84983,usps_modern,$6.99 Standard shipping (3-5 days),USPS_GROUND_ADVANTAGE,6.24,02,shipping web,,,,,default,6469214863551,[],,Primary,115706,0.00,41752,shipping web,2026-04-14T16:57:10,https://tools.usps.com/go/TrackConfirmAction_input?strOrigTrackNum=9200190380878200005154,1,,UNKNOWN,False,,0.7500 lb,2.0000 inch,5.80 inch,8.70 inch
T3JkZXI6Nzk3ODQ4OTc1,2026-04-14T17:00:02,U2hpcHBpbmdMYWJlbDo2MDQwOTQ1OTk=,604094599,QWNjb3VudDo4MzY2Mw==,U2hpcG1lbnQ6NzgzMDMzMTc2,T3JkZXI6Nzk3ODQ4OTc1,49982,POLY BUBBLE #0,valid,9200190380878200005161,9200190380878200005161,797848975,84983,usps_modern,$6.99 Standard shipping (3-5 days),USPS_GROUND_ADVANTAGE,6.22,02,shipping web,,,,,default,6469218762943,[],,Primary,115706,0.00,41752,shipping web,2026-04-14T17:00:02,https://tools.usps.com/go/TrackConfirmAction_input?strOrigTrackNum=9200190380878200005161,1,,UNKNOWN,False,,0.7500 lb,2.0000 inch,5.80 inch,8.70 inch
T3JkZXI6Nzk3ODA3Njkw,2026-04-14T17:01:48,U2hpcHBpbmdMYWJlbDo2MDQwOTU4MDM=,604095803,QWNjb3VudDo4MzY2Mw==,U2hpcG1lbnQ6NzgzMDM0NDI5,T3JkZXI6Nzk3ODA3Njkw,49982,POLY BUBBLE #0,valid,9200190380878200005178,9200190380878200005178,797807690,84983,usps_modern,$6.99 Standard shipping (3-5 days),USPS_GROUND_ADVANTAGE,6.09,02,shipping web,,,,,default,6469224038591,[],,Primary,115706,0.00,41752,shipping web,2026-04-14T17:01:48,https://tools.usps.com/go/TrackConfirmAction_input?strOrigTrackNum=9200190380878200005178,1,,UNKNOWN,False,,0.7100 lb,2.0000 inch,5.80 inch,8.70 inch
T3JkZXI6Nzk3ODYwMDA3,2026-04-14T17:26:14,U2hpcHBpbmdMYWJlbDo2MDQxMTI5NDE=,604112941,QWNjb3VudDo4MzY2Mw==,U2hpcG1lbnQ6NzgzMDU0MjE2,T3JkZXI6Nzk3ODYwMDA3,48203,8X4X4,valid,9234690380878200009994,9234690380878200009994,797860007,84983,usps_modern,Free Standard Shipping (3-5 days),USPS_GROUND_ADVANTAGE,7.31,02,shipping web,,,,,default,6469266014399,[],,Primary,115706,0.00,41752,shipping web,2026-04-14T17:26:14,https://tools.usps.com/go/TrackConfirmAction_input?strOrigTrackNum=9234690380878200009994,1,,UNKNOWN,False,,2.0400 lb,4.0000 inch,4.00 inch,8.00 inch
T3JkZXI6Nzk3ODEwNzA3,2026-04-14T17:35:28,U2hpcHBpbmdMYWJlbDo2MDQxMTg4NTc=,604118857,QWNjb3VudDo4MzY2Mw==,U2hpcG1lbnQ6NzgzMDYxMTE5,T3JkZXI6Nzk3ODEwNzA3,48204,POLY BUBBLE #2,valid,9234690380878200010006,9234690380878200010006,797810707,84983,usps_modern,Free Standard Shipping (3-5 days),USPS_GROUND_ADVANTAGE,8.65,02,shipping web,,,,,default,6469283381439,[],,Primary,115706,0.00,41752,shipping web,2026-04-14T17:35:28,https://tools.usps.com/go/TrackConfirmAction_input?strOrigTrackNum=9234690380878200010006,1,,UNKNOWN,False,,1.0700 lb,2.0000 inch,8.38 inch,10.75 inch
T3JkZXI6Nzk3ODkyNDI4,2026-04-14T17:38:05,U2hpcHBpbmdMYWJlbDo2MDQxMjA5NTc=,604120957,QWNjb3VudDo4MzY2Mw==,U2hpcG1lbnQ6NzgzMDYzNDEy,T3JkZXI6Nzk3ODkyNDI4,46863,10X8X4,valid,9234690380878200010013,9234690380878200010013,797892428,84983,usps_modern,Free Standard Shipping (3-5 days),USPS_GROUND_ADVANTAGE,6.29,02,shipping web,,,,,default,6469289214143,[],,Primary,115706,0.00,41752,shipping web,2026-04-14T17:38:05,https://tools.usps.com/go/TrackConfirmAction_input?strOrigTrackNum=9234690380878200010013,1,,UNKNOWN,False,,2.0675 lb,4.0000 inch,8.00 inch,10.00 inch
T3JkZXI6Nzk3ODk4NTEy,2026-04-14T23:11:03,U2hpcHBpbmdMYWJlbDo2MDQyODYwNzI=,604286072,QWNjb3VudDo4MzY2Mw==,U2hpcG1lbnQ6NzgzMjQxNTE1,T3JkZXI6Nzk3ODk4NTEy,46863,10X8X4,valid,9234690380878200010020,9234690380878200010020,797898512,84983,usps_modern,Free Standard Shipping (3-5 days),USPS_GROUND_ADVANTAGE,6.68,02,shipping web,,,,,default,6469775491263,[],,Primary,115706,0.00,41752,shipping web,2026-04-14T23:11:03,https://tools.usps.com/go/TrackConfirmAction_input?strOrigTrackNum=9234690380878200010020,1,,UNKNOWN,False,,2.2075 lb,4.0000 inch,8.00 inch,10.00 inch
T3JkZXI6Nzk3ODk4NTU0,2026-04-14T23:14:05,U2hpcHBpbmdMYWJlbDo2MDQyODY3MjA=,604286720,QWNjb3VudDo4MzY2Mw==,U2hpcG1lbnQ6NzgzMjQyMjA0,T3JkZXI6Nzk3ODk4NTU0,46863,10X8X4,valid,9234690380878200010037,9234690380878200010037,797898554,84983,usps_modern,Free Standard Shipping (3-5 days),USPS_GROUND_ADVANTAGE,7.52,02,shipping web,,,,,default,6469781455039,[],,Primary,115706,0.00,41752,shipping web,2026-04-14T23:14:05,https://tools.usps.com/go/TrackConfirmAction_input?strOrigTrackNum=9234690380878200010037,1,,UNKNOWN,False,,3.2175 lb,4.0000 inch,8.00 inch,10.00 inch
T3JkZXI6Nzk3ODk4NTM0,2026-04-14T23:17:05,U2hpcHBpbmdMYWJlbDo2MDQyODcyNDg=,604287248,QWNjb3VudDo4MzY2Mw==,U2hpcG1lbnQ6NzgzMjQyODEw,T3JkZXI6Nzk3ODk4NTM0,49983,POLY BUBBLE #1,valid,9200190380878200005185,9200190380878200005185,797898534,84983,usps_modern,$6.99 Standard shipping (3-5 days),USPS_GROUND_ADVANTAGE,5.52,02,shipping web,,,,,default,6469783912639,[],,Primary,115706,0.00,41752,shipping web,2026-04-14T23:17:05,https://tools.usps.com/go/TrackConfirmAction_input?strOrigTrackNum=9200190380878200005185,1,,UNKNOWN,False,,0.3675 lb,2.0000 inch,7.10 inch,10.70 inch
T3JkZXI6Nzk3ODk5MDYy,2026-04-14T23:18:10,U2hpcHBpbmdMYWJlbDo2MDQyODc0NDE=,604287441,QWNjb3VudDo4MzY2Mw==,U2hpcG1lbnQ6NzgzMjQzMDAy,T3JkZXI6Nzk3ODk5MDYy,46863,10X8X4,valid,9234690380878200010044,9234690380878200010044,797899062,84983,usps_modern,Free Standard Shipping (3-5 days),USPS_GROUND_ADVANTAGE,7.72,02,shipping web,,,,,default,6469784436927,[],,Primary,115706,0.00,41752,shipping web,2026-04-14T23:18:10,https://tools.usps.com/go/TrackConfirmAction_input?strOrigTrackNum=9234690380878200010044,1,,UNKNOWN,False,,4.2400 lb,4.0000 inch,8.00 inch,10.00 inch
T3JkZXI6Nzk3ODk4MDg4,2026-04-14T23:26:11,U2hpcHBpbmdMYWJlbDo2MDQyODg4MTM=,604288813,QWNjb3VudDo4MzY2Mw==,U2hpcG1lbnQ6NzgzMjQ0NTM2,T3JkZXI6Nzk3ODk4MDg4,49983,POLY BUBBLE #1,valid,9200190380878200005192,9200190380878200005192,797898088,84983,usps_modern,$6.99 Standard shipping (3-5 days),USPS_GROUND_ADVANTAGE,5.78,02,shipping web,,,,,default,6469790924991,[],,Primary,115706,0.00,41752,shipping web,2026-04-14T23:26:11,https://tools.usps.com/go/TrackConfirmAction_input?strOrigTrackNum=9200190380878200005192,1,,UNKNOWN,False,,0.7475 lb,2.0000 inch,7.10 inch,10.70 inch
T3JkZXI6Nzk3OTMxMDEw,2026-04-14T23:27:07,U2hpcHBpbmdMYWJlbDo2MDQyODg5OTM=,604288993,QWNjb3VudDo4MzY2Mw==,U2hpcG1lbnQ6NzgzMjQ0NzMx,T3JkZXI6Nzk3OTMxMDEw,46863,10X8X4,valid,9234690380878200010051,9234690380878200010051,797931010,84983,usps_modern,Free Standard Shipping (3-5 days),USPS_GROUND_ADVANTAGE,6.68,02,shipping web,,,,,default,6469791383743,[],,Primary,115706,0.00,41752,shipping web,2026-04-14T23:27:07,https://tools.usps.com/go/TrackConfirmAction_input?strOrigTrackNum=9234690380878200010051,1,,UNKNOWN,False,,3.6200 lb,4.0000 inch,8.00 inch,10.00 inch
T3JkZXI6Nzk4MDE1NjI1,2026-04-15T13:56:51,U2hpcHBpbmdMYWJlbDo2MDQ0NzUyODY=,604475286,QWNjb3VudDo4MzY2Mw==,U2hpcG1lbnQ6NzgzNDY1NjI0,T3JkZXI6Nzk4MDE1NjI1,46863,10X8X4,valid,9234690380878200010068,9234690380878200010068,798015625,84983,usps_modern,Free Standard Shipping (3-5 days),USPS_GROUND_ADVANTAGE,8.65,02,shipping web,,,,,default,6470687129791,[],,Primary,115706,0.00,41752,shipping web,2026-04-15T13:56:51,https://tools.usps.com/go/TrackConfirmAction_input?strOrigTrackNum=9234690380878200010068,1,,UNKNOWN,False,,2.0675 lb,4.0000 inch,8.00 inch,10.00 inch
T3JkZXI6Nzk4MDI3NDEx,2026-04-15T13:57:33,U2hpcHBpbmdMYWJlbDo2MDQ0NzYyODE=,604476281,QWNjb3VudDo4MzY2Mw==,U2hpcG1lbnQ6NzgzNDY2NTA0,T3JkZXI6Nzk4MDI3NDEx,46863,10X8X4,valid,9234690380878200010075,9234690380878200010075,798027411,84983,usps_modern,Free Standard Shipping (3-5 days),USPS_GROUND_ADVANTAGE,6.68,02,shipping web,,,,,default,6470698008767,[],,Primary,115706,0.00,41752,shipping web,2026-04-15T13:57:33,https://tools.usps.com/go/TrackConfirmAction_input?strOrigTrackNum=9234690380878200010075,1,,UNKNOWN,False,,2.4075 lb,4.0000 inch,8.00 inch,10.00 inch
T3JkZXI6Nzk4MDI3NjUy,2026-04-15T14:00:35,U2hpcHBpbmdMYWJlbDo2MDQ0NzgzMzU=,604478335,QWNjb3VudDo4MzY2Mw==,U2hpcG1lbnQ6NzgzNDY4OTQx,T3JkZXI6Nzk4MDI3NjUy,48203,8X4X4,valid,9234690380878200010082,9234690380878200010082,798027652,84983,usps_modern,$6.99 Standard shipping (3-5 days),USPS_GROUND_ADVANTAGE,6.19,02,shipping web,,,,,default,6470700204223,[],,Primary,115706,0.00,41752,shipping web,2026-04-15T14:00:35,https://tools.usps.com/go/TrackConfirmAction_input?strOrigTrackNum=9234690380878200010082,1,,UNKNOWN,False,,1.6000 lb,4.0000 inch,4.00 inch,8.00 inch
T3JkZXI6Nzk4MDQxOTEx,2026-04-15T14:05:20,U2hpcHBpbmdMYWJlbDo2MDQ0ODE0NDc=,604481447,QWNjb3VudDo4MzY2Mw==,U2hpcG1lbnQ6NzgzNDcyNjM3,T3JkZXI6Nzk4MDQxOTEx,49982,POLY BUBBLE #0,valid,9200190380878200005208,9200190380878200005208,798041911,84983,usps_modern,$6.99 Standard shipping (3-5 days),USPS_GROUND_ADVANTAGE,6.24,02,shipping web,,,,,default,6470708920511,[],,Primary,115706,0.00,41752,shipping web,2026-04-15T14:05:20,https://tools.usps.com/go/TrackConfirmAction_input?strOrigTrackNum=9200190380878200005208,1,,UNKNOWN,False,,0.7500 lb,2.0000 inch,5.80 inch,8.70 inch
T3JkZXI6Nzk4MDUxMzI0,2026-04-15T14:06:30,U2hpcHBpbmdMYWJlbDo2MDQ0ODI0MTM=,604482413,QWNjb3VudDo4MzY2Mw==,U2hpcG1lbnQ6NzgzNDczNzcz,T3JkZXI6Nzk4MDUxMzI0,48203,8X4X4,valid,9234690380878200010099,9234690380878200010099,798051324,84983,usps_modern,Free Standard Shipping (3-5 days),USPS_GROUND_ADVANTAGE,8.35,02,shipping web,,,,,default,6470710329535,[],,Primary,115706,0.00,41752,shipping web,2026-04-15T14:06:30,https://tools.usps.com/go/TrackConfirmAction_input?strOrigTrackNum=9234690380878200010099,1,,UNKNOWN,False,,2.0900 lb,4.0000 inch,4.00 inch,8.00 inch
T3JkZXI6Nzk4MDk5MTA2,2026-04-15T14:09:34,U2hpcHBpbmdMYWJlbDo2MDQ0ODQ1MTQ=,604484514,QWNjb3VudDo4MzY2Mw==,U2hpcG1lbnQ6NzgzNDc2MDg3,T3JkZXI6Nzk4MDk5MTA2,49982,POLY BUBBLE #0,valid,9200190380878200005215,9200190380878200005215,798099106,84983,usps_modern,Free Standard Shipping (3-5 days),USPS_GROUND_ADVANTAGE,7.78,02,shipping web,,,,,default,6470714130623,[],,Primary,115706,0.00,41752,shipping web,2026-04-15T14:09:34,https://tools.usps.com/go/TrackConfirmAction_input?strOrigTrackNum=9200190380878200005215,1,,UNKNOWN,False,,0.9600 lb,2.0000 inch,5.80 inch,8.70 inch
T3JkZXI6Nzk4MTU4Njkz,2026-04-15T14:14:28,U2hpcHBpbmdMYWJlbDo2MDQ0ODgzMjI=,604488322,QWNjb3VudDo4MzY2Mw==,U2hpcG1lbnQ6NzgzNDgwMjQy,T3JkZXI6Nzk4MTU4Njkz,48203,8X4X4,valid,9234690380878200010105,9234690380878200010105,798158693,84983,usps_modern,Free Standard Shipping (3-5 days),USPS_GROUND_ADVANTAGE,8.35,02,shipping web,,,,,default,6470729826495,[],,Primary,115706,0.00,41752,shipping web,2026-04-15T14:14:28,https://tools.usps.com/go/TrackConfirmAction_input?strOrigTrackNum=9234690380878200010105,1,,UNKNOWN,False,,2.2900 lb,4.0000 inch,4.00 inch,8.00 inch
T3JkZXI6Nzk4MTcwMzUz,2026-04-15T14:15:27,U2hpcHBpbmdMYWJlbDo2MDQ0ODk1NjQ=,604489564,QWNjb3VudDo4MzY2Mw==,U2hpcG1lbnQ6NzgzNDgxNDc4,T3JkZXI6Nzk4MTcwMzUz,49982,POLY BUBBLE #0,valid,9200190380878200005222,9200190380878200005222,798170353,84983,usps_modern,$6.99 Standard shipping (3-5 days),USPS_GROUND_ADVANTAGE,6.09,02,shipping web,,,,,default,6470733725887,[],,Primary,115706,0.00,41752,shipping web,2026-04-15T14:15:27,https://tools.usps.com/go/TrackConfirmAction_input?strOrigTrackNum=9200190380878200005222,1,,UNKNOWN,False,,0.7500 lb,2.0000 inch,5.80 inch,8.70 inch
T3JkZXI6Nzk4MTg0MDUx,2026-04-15T14:18:47,U2hpcHBpbmdMYWJlbDo2MDQ0OTIyODI=,604492282,QWNjb3VudDo4MzY2Mw==,U2hpcG1lbnQ6NzgzNDg0MzQx,T3JkZXI6Nzk4MTg0MDUx,49981,POLY BUBBLE #00,valid,9200190380878200005239,9200190380878200005239,798184051,84983,usps_modern,$6.99 Standard shipping (3-5 days),USPS_GROUND_ADVANTAGE,5.62,02,shipping web,,,,,default,6470743326911,[],,Primary,115706,0.00,41752,shipping web,2026-04-15T14:18:47,https://tools.usps.com/go/TrackConfirmAction_input?strOrigTrackNum=9200190380878200005239,1,,UNKNOWN,False,,0.3806 lb,2.0000 inch,4.80 inch,8.65 inch
T3JkZXI6Nzk4MTk5ODA4,2026-04-15T14:22:18,U2hpcHBpbmdMYWJlbDo2MDQ0OTQ5NDg=,604494948,QWNjb3VudDo4MzY2Mw==,U2hpcG1lbnQ6NzgzNDg3MjEy,T3JkZXI6Nzk4MTk5ODA4,48204,POLY BUBBLE #2,valid,9234690380878200010112,9234690380878200010112,798199808,84983,usps_modern,Free Standard Shipping (3-5 days),USPS_GROUND_ADVANTAGE,8.65,02,shipping web,,,,,default,6470752141503,[],,Primary,115706,0.00,41752,shipping web,2026-04-15T14:22:18,https://tools.usps.com/go/TrackConfirmAction_input?strOrigTrackNum=9234690380878200010112,1,,UNKNOWN,False,,1.4000 lb,2.0000 inch,8.38 inch,10.75 inch
T3JkZXI6Nzk4MjA1MDcx,2026-04-15T14:24:11,U2hpcHBpbmdMYWJlbDo2MDQ0OTY0MTA=,604496410,QWNjb3VudDo4MzY2Mw==,U2hpcG1lbnQ6NzgzNDg4ODYw,T3JkZXI6Nzk4MjA1MDcx,48203,8X4X4,valid,9234690380878200010129,9234690380878200010129,798205071,84983,usps_modern,Free Standard Shipping (3-5 days),USPS_GROUND_ADVANTAGE,7.31,02,shipping web,,,,,default,6470754992319,[],,Primary,115706,0.00,41752,shipping web,2026-04-15T14:24:11,https://tools.usps.com/go/TrackConfirmAction_input?strOrigTrackNum=9234690380878200010129,1,,UNKNOWN,False,,2.1600 lb,4.0000 inch,4.00 inch,8.00 inch
T3JkZXI6Nzk4MjI3NDcz,2026-04-15T14:24:53,U2hpcHBpbmdMYWJlbDo2MDQ0OTY5MTY=,604496916,QWNjb3VudDo4MzY2Mw==,U2hpcG1lbnQ6NzgzNDg5Mzk3,T3JkZXI6Nzk4MjI3NDcz,48204,POLY BUBBLE #2,valid,9234690380878200010136,9234690380878200010136,798227473,84983,usps_modern,Free Standard Shipping (3-5 days),USPS_GROUND_ADVANTAGE,7.52,02,shipping web,,,,,default,6470756270271,[],,Primary,115706,0.00,41752,shipping web,2026-04-15T14:24:53,https://tools.usps.com/go/TrackConfirmAction_input?strOrigTrackNum=9234690380878200010136,1,,UNKNOWN,False,,1.3500 lb,2.0000 inch,8.38 inch,10.75 inch
T3JkZXI6Nzk4MjI5Njgx,2026-04-15T14:28:33,U2hpcHBpbmdMYWJlbDo2MDQ0OTk3ODA=,604499780,QWNjb3VudDo4MzY2Mw==,U2hpcG1lbnQ6NzgzNDkyMzU3,T3JkZXI6Nzk4MjI5Njgx,46863,10X8X4,valid,9234690380878200010143,9234690380878200010143,798229681,84983,usps_modern,Free Standard Shipping (3-5 days),USPS_GROUND_ADVANTAGE,8.97,02,shipping web,,,,,default,6470767771839,[],,Primary,115706,0.00,41752,shipping web,2026-04-15T14:28:33,https://tools.usps.com/go/TrackConfirmAction_input?strOrigTrackNum=9234690380878200010143,1,,UNKNOWN,False,,6.9800 lb,4.0000 inch,8.00 inch,10.00 inch
T3JkZXI6Nzk4NDIyMzcy,2026-04-15T14:33:20,U2hpcHBpbmdMYWJlbDo2MDQ1MDQxMjU=,604504125,QWNjb3VudDo4MzY2Mw==,U2hpcG1lbnQ6NzgzNDk2ODQ0,T3JkZXI6Nzk4NDIyMzcy,48203,8X4X4,valid,9234690380878200010150,9234690380878200010150,798422372,84983,usps_modern,Free Standard Shipping (3-5 days),USPS_GROUND_ADVANTAGE,8.35,02,shipping web,,,,,default,6470776848575,[],,Primary,115706,0.00,41752,shipping web,2026-04-15T14:33:20,https://tools.usps.com/go/TrackConfirmAction_input?strOrigTrackNum=9234690380878200010150,1,,UNKNOWN,False,,2.3300 lb,4.0000 inch,4.00 inch,8.00 inch
T3JkZXI6Nzk4MjA2MjMw,2026-04-15T17:18:21,U2hpcHBpbmdMYWJlbDo2MDQ2NDI0MjQ=,604642424,QWNjb3VudDo4MzY2Mw==,U2hpcG1lbnQ6NzgzNjQ3NzU4,T3JkZXI6Nzk4MjA2MjMw,48204,POLY BUBBLE #2,valid,9200190380878200005246,9200190380878200005246,798206230,90294,usps_modern,Standard,USPS_GROUND_ADVANTAGE,5.78,02,shipping web,,,,,default,6618187989153,[],,Primary,115706,0.00,41752,shipping web,2026-04-15T17:18:21,https://tools.usps.com/go/TrackConfirmAction_input?strOrigTrackNum=9200190380878200005246,1,,UNKNOWN,False,,0.7150 lb,2.0000 inch,8.38 inch,10.75 inch
T3JkZXI6Nzk4NDYwNzUz,2026-04-15T17:25:14,U2hpcHBpbmdMYWJlbDo2MDQ2NDcwMDg=,604647008,QWNjb3VudDo4MzY2Mw==,U2hpcG1lbnQ6NzgzNjUyNTc4,T3JkZXI6Nzk4NDYwNzUz,46863,10X8X4,valid,9234690380878200010167,9234690380878200010167,798460753,84983,usps_modern,Free Standard Shipping (3-5 days),USPS_GROUND_ADVANTAGE,7.52,02,shipping web,,,,,default,6471263256767,[],,Primary,115706,0.00,41752,shipping web,2026-04-15T17:25:14,https://tools.usps.com/go/TrackConfirmAction_input?strOrigTrackNum=9234690380878200010167,1,,UNKNOWN,False,,5.6300 lb,4.0000 inch,8.00 inch,10.00 inch
T3JkZXI6Nzk4MTEwNjU1,2026-04-15T18:45:15,U2hpcHBpbmdMYWJlbDo2MDQ2OTkzNzA=,604699370,QWNjb3VudDo4MzY2Mw==,U2hpcG1lbnQ6NzgzNzExMTkx,T3JkZXI6Nzk4MTEwNjU1,46874,S-POLY,valid,9200190380878200005253,9200190380878200005253,798110655,84985,usps_modern,Economy,USPS_GROUND_ADVANTAGE,6.60,02,shipping web,,,,,default,6240795132182,[],,Primary,115706,0.00,41752,shipping web,2026-04-15T18:45:15,https://tools.usps.com/go/TrackConfirmAction_input?strOrigTrackNum=9200190380878200005253,1,,UNKNOWN,False,,0.5200 lb,2.0000 inch,10.00 inch,12.00 inch
T3JkZXI6Nzk4NTM4MTM4,2026-04-15T18:47:17,U2hpcHBpbmdMYWJlbDo2MDQ3MDA0OTY=,604700496,QWNjb3VudDo4MzY2Mw==,U2hpcG1lbnQ6NzgzNzEyMzY3,T3JkZXI6Nzk4NTM4MTM4,46875,M-POLY,valid,9234690380878200010174,9234690380878200010174,798538138,84985,usps_modern,Economy,USPS_GROUND_ADVANTAGE,7.41,02,shipping web,,,,,default,6240797524246,[],,Primary,115706,0.00,41752,shipping web,2026-04-15T18:47:17,https://tools.usps.com/go/TrackConfirmAction_input?strOrigTrackNum=9234690380878200010174,1,,UNKNOWN,False,,2.0400 lb,2.0000 inch,14.50 inch,16.00 inch
T3JkZXI6Nzk4NTQzNzMx,2026-04-15T19:00:21,U2hpcHBpbmdMYWJlbDo2MDQ3MDgyMTM=,604708213,QWNjb3VudDo4MzY2Mw==,U2hpcG1lbnQ6NzgzNzIwNjcx,T3JkZXI6Nzk4NTQzNzMx,46874,S-POLY,valid,9200190380878200005260,9200190380878200005260,798543731,84868,usps_modern,Standard Shipping,USPS_GROUND_ADVANTAGE,5.39,02,shipping web,,,,,default,6162495996152,[],,Primary,115706,0.00,41752,shipping web,2026-04-15T19:00:21,https://tools.usps.com/go/TrackConfirmAction_input?strOrigTrackNum=9200190380878200005260,1,,UNKNOWN,False,,0.2700 lb,2.0000 inch,10.00 inch,12.00 inch
T3JkZXI6Nzk4MTUyODE1,2026-04-15T19:00:54,U2hpcHBpbmdMYWJlbDo2MDQ3MDg1NDI=,604708542,QWNjb3VudDo4MzY2Mw==,U2hpcG1lbnQ6NzgzNzIwOTkw,T3JkZXI6Nzk4MTUyODE1,46874,S-POLY,valid,9200190380878200005277,9200190380878200005277,798152815,83998,usps_modern,USPS Ground Advantage,USPS_GROUND_ADVANTAGE,5.89,02,shipping web,,,,,default,5989438816574,[],,Primary,115706,0.00,41752,shipping web,2026-04-15T19:00:54,https://tools.usps.com/go/TrackConfirmAction_input?strOrigTrackNum=9200190380878200005277,1,,UNKNOWN,False,,0.2000 lb,2.0000 inch,10.00 inch,12.00 inch
T3JkZXI6Nzk3OTk4NzQ2,2026-04-15T19:08:48,U2hpcHBpbmdMYWJlbDo2MDQ3MTMxNzY=,604713176,QWNjb3VudDo4MzY2Mw==,U2hpcG1lbnQ6NzgzNzI2MDAx,T3JkZXI6Nzk3OTk4NzQ2,46874,S-POLY,valid,9200190380878200005284,9200190380878200005284,797998746,85157,usps_modern,Standard Shipping,USPS_GROUND_ADVANTAGE,5.39,02,shipping web,,,,,default,6096615899360,[],,Primary,115706,0.00,41752,shipping web,2026-04-15T19:08:48,https://tools.usps.com/go/TrackConfirmAction_input?strOrigTrackNum=9200190380878200005284,1,,UNKNOWN,False,,0.4200 lb,2.0000 inch,10.00 inch,12.00 inch
T3JkZXI6Nzk4NDcyMjQ5,2026-04-15T19:13:05,U2hpcHBpbmdMYWJlbDo2MDQ3MTU3MzY=,604715736,QWNjb3VudDo4MzY2Mw==,U2hpcG1lbnQ6NzgzNzI4NzUw,T3JkZXI6Nzk4NDcyMjQ5,46875,M-POLY,valid,9234690380878200010181,9234690380878200010181,798472249,85157,usps_modern,Standard Shipping,USPS_GROUND_ADVANTAGE,6.83,02,shipping web,,,,,default,6096622551264,[],,Primary,115706,0.00,41752,shipping web,2026-04-15T19:13:05,https://tools.usps.com/go/TrackConfirmAction_input?strOrigTrackNum=9234690380878200010181,1,,UNKNOWN,False,,1.3650 lb,2.0000 inch,14.50 inch,16.00 inch
T3JkZXI6Nzk4MDc4NTY0,2026-04-15T19:18:22,U2hpcHBpbmdMYWJlbDo2MDQ3MTgyNTk=,604718259,QWNjb3VudDo4MzY2Mw==,U2hpcG1lbnQ6NzgzNzMxNTQx,T3JkZXI6Nzk4MDc4NTY0,56814,L-POLY,valid,9234690380878200010198,9234690380878200010198,798078564,85157,usps_modern,Standard Shipping,USPS_GROUND_ADVANTAGE,7.41,02,shipping web,,,,,default,6096632250592,[],,Primary,115706,0.00,41752,shipping web,2026-04-15T19:18:22,https://tools.usps.com/go/TrackConfirmAction_input?strOrigTrackNum=9234690380878200010198,1,,UNKNOWN,False,,2.0438 lb,1.0000 inch,12.00 inch,20.00 inch
T3JkZXI6Nzk3OTE1MjE3,2026-04-15T19:22:40,U2hpcHBpbmdMYWJlbDo2MDQ3MjA0MzQ=,604720434,QWNjb3VudDo4MzY2Mw==,U2hpcG1lbnQ6NzgzNzMzODMx,T3JkZXI6Nzk3OTE1MjE3,56814,L-POLY,valid,9234690380878200010204,9234690380878200010204,797915217,85157,usps_modern,Standard Shipping,USPS_GROUND_ADVANTAGE,7.94,02,shipping web,,,,,default,6096637952224,[],,Primary,115706,0.00,41752,shipping web,2026-04-15T19:22:40,https://tools.usps.com/go/TrackConfirmAction_input?strOrigTrackNum=9234690380878200010204,1,,UNKNOWN,False,,5.4938 lb,1.0000 inch,12.00 inch,20.00 inch
T3JkZXI6Nzk4MTIzMTAw,2026-04-15T19:36:48,U2hpcHBpbmdMYWJlbDo2MDQ3Mjg4ODU=,604728885,QWNjb3VudDo4MzY2Mw==,U2hpcG1lbnQ6NzgzNzQzMjE1,T3JkZXI6Nzk4MTIzMTAw,46874,S-POLY,valid,9200190380878200005291,9200190380878200005291,798123100,83998,usps_modern,USPS Ground Advantage,USPS_GROUND_ADVANTAGE,6.22,02,shipping web,,,,,default,5989487182142,[],,Primary,115706,0.00,41752,shipping web,2026-04-15T19:36:48,https://tools.usps.com/go/TrackConfirmAction_input?strOrigTrackNum=9200190380878200005291,1,,UNKNOWN,False,,0.7400 lb,2.0000 inch,10.00 inch,12.00 inch
T3JkZXI6Nzk4NTMzMzQx,2026-04-15T19:53:52,U2hpcHBpbmdMYWJlbDo2MDQ3NDAzMDE=,604740301,QWNjb3VudDo4MzY2Mw==,U2hpcG1lbnQ6NzgzNzU1MDM0,T3JkZXI6Nzk4NTMzMzQx,56814,L-POLY,valid,9234690380878200010211,9234690380878200010211,798533341,85157,usps_modern,Standard Shipping,USPS_GROUND_ADVANTAGE,7.43,02,shipping web,,,,,default,6096692183264,[],,Primary,115706,0.00,41752,shipping web,2026-04-15T19:53:52,https://tools.usps.com/go/TrackConfirmAction_input?strOrigTrackNum=9234690380878200010211,1,,UNKNOWN,False,,3.0125 lb,1.0000 inch,12.00 inch,20.00 inch
T3JkZXI6Nzk0NTAwMzA1,2026-04-15T20:48:36,U2hpcHBpbmdMYWJlbDo2MDQ3Njc2OTA=,604767690,QWNjb3VudDo4MzY2Mw==,U2hpcG1lbnQ6NzgzNzg0NjA2,T3JkZXI6Nzk0NTAwMzA1,49981,POLY BUBBLE #00,valid,9200190380878200005307,9200190380878200005307,794500305,84983,usps_modern,$6.99 Standard shipping (3-5 days),USPS_GROUND_ADVANTAGE,5.29,02,shipping web,,,,,default,6471867859135,[],,Primary,115706,0.00,41752,shipping web,2026-04-15T20:48:36,https://tools.usps.com/go/TrackConfirmAction_input?strOrigTrackNum=9200190380878200005307,1,,UNKNOWN,False,,0.2200 lb,2.0000 inch,4.80 inch,8.65 inch
T3JkZXI6Nzk4NTM3MzQz,2026-04-15T21:00:09,U2hpcHBpbmdMYWJlbDo2MDQ3NzM4NjQ=,604773864,QWNjb3VudDo4MzY2Mw==,U2hpcG1lbnQ6NzgzNzkxMDkw,T3JkZXI6Nzk4NTM3MzQz,49983,POLY BUBBLE #1,valid,9200190380878200005314,9200190380878200005314,798537343,84983,usps_modern,$4.99 Standard shipping (3-5 days),USPS_GROUND_ADVANTAGE,5.52,02,bulk ship,,,,,default,6471897088191,[],,Primary,115706,0.00,41752,bulk ship,2026-04-15T21:00:09,https://tools.usps.com/go/TrackConfirmAction_input?strOrigTrackNum=9200190380878200005314,1,,UNKNOWN,False,,0.3700 lb,2.0000 inch,7.10 inch,10.70 inch
T3JkZXI6Nzk4NDY5Nzk1,2026-04-15T21:31:58,U2hpcHBpbmdMYWJlbDo2MDQ3ODQ2NzI=,604784672,QWNjb3VudDo4MzY2Mw==,U2hpcG1lbnQ6NzgzODAzMDg4,T3JkZXI6Nzk4NDY5Nzk1,49981,POLY BUBBLE #00,valid,9200190380878200005321,9200190380878200005321,798469795,84983,usps_modern,$4.99 Standard shipping (3-5 days),USPS_GROUND_ADVANTAGE,5.29,02,shipping web,,,,,default,6471958855871,[],,Primary,115706,0.00,41752,shipping web,2026-04-15T21:31:58,https://tools.usps.com/go/TrackConfirmAction_input?strOrigTrackNum=9200190380878200005321,1,,UNKNOWN,False,,0.2200 lb,2.0000 inch,4.80 inch,8.65 inch
T3JkZXI6Nzk4NTA1Mjg0,2026-04-15T21:34:48,U2hpcHBpbmdMYWJlbDo2MDQ3ODU1OTk=,604785599,QWNjb3VudDo4MzY2Mw==,U2hpcG1lbnQ6NzgzODA0MDgw,T3JkZXI6Nzk4NTA1Mjg0,49982,POLY BUBBLE #0,valid,9200190380878200005338,9200190380878200005338,798505284,84983,usps_modern,$6.99 Standard shipping (3-5 days),USPS_GROUND_ADVANTAGE,6.22,02,shipping web,,,,,default,6471964229823,[],,Primary,115706,0.00,41752,shipping web,2026-04-15T21:34:48,https://tools.usps.com/go/TrackConfirmAction_input?strOrigTrackNum=9200190380878200005338,1,,UNKNOWN,False,,0.7100 lb,2.0000 inch,5.80 inch,8.70 inch
T3JkZXI6Nzk4NTA4Mzcw,2026-04-15T21:39:20,U2hpcHBpbmdMYWJlbDo2MDQ3ODcwNjQ=,604787064,QWNjb3VudDo4MzY2Mw==,U2hpcG1lbnQ6NzgzODA1ODE0,T3JkZXI6Nzk4NTA4Mzcw,46864,14X10X6,valid,9234690380878200010228,9234690380878200010228,798508370,84983,usps_modern,Free Standard Shipping (3-5 days),USPS_GROUND_ADVANTAGE,12.04,02,shipping web,,,,,default,6471972290751,[],,Primary,115706,0.00,41752,shipping web,2026-04-15T21:39:20,https://tools.usps.com/go/TrackConfirmAction_input?strOrigTrackNum=9234690380878200010228,1,,UNKNOWN,False,,8.6600 lb,6.0000 inch,10.00 inch,14.00 inch
T3JkZXI6Nzk4NTM3ODYx,2026-04-15T21:42:50,U2hpcHBpbmdMYWJlbDo2MDQ3ODgxNjA=,604788160,QWNjb3VudDo4MzY2Mw==,U2hpcG1lbnQ6NzgzODA3MDk1,T3JkZXI6Nzk4NTM3ODYx,48203,8X4X4,valid,9234690380878200010235,9234690380878200010235,798537861,84983,usps_modern,$6.99 Standard shipping (3-5 days),USPS_GROUND_ADVANTAGE,7.25,02,shipping web,,,,,default,6471975469247,[],,Primary,115706,0.00,41752,shipping web,2026-04-15T21:42:50,https://tools.usps.com/go/TrackConfirmAction_input?strOrigTrackNum=9234690380878200010235,1,,UNKNOWN,False,,1.6000 lb,4.0000 inch,4.00 inch,8.00 inch
T3JkZXI6Nzk4NTM4NTY5,2026-04-15T21:48:59,U2hpcHBpbmdMYWJlbDo2MDQ3OTEwNzE=,604791071,QWNjb3VudDo4MzY2Mw==,U2hpcG1lbnQ6NzgzODEwMjY1,T3JkZXI6Nzk4NTM4NTY5,49983,POLY BUBBLE #1,valid,9200190380878200005345,9200190380878200005345,798538569,84983,usps_modern,$4.99 Standard shipping (3-5 days),USPS_GROUND_ADVANTAGE,5.29,02,shipping web,,,,,default,6471983726783,[],,Primary,115706,0.00,41752,shipping web,2026-04-15T21:48:59,https://tools.usps.com/go/TrackConfirmAction_input?strOrigTrackNum=9200190380878200005345,1,,UNKNOWN,False,,0.2475 lb,2.0000 inch,7.10 inch,10.70 inch
T3JkZXI6Nzk4NTQwMjMw,2026-04-15T21:53:17,U2hpcHBpbmdMYWJlbDo2MDQ3OTMwNTc=,604793057,QWNjb3VudDo4MzY2Mw==,U2hpcG1lbnQ6NzgzODEyMzIw,T3JkZXI6Nzk4NTQwMjMw,49983,POLY BUBBLE #1,valid,9200190380878200005352,9200190380878200005352,798540230,84983,usps_modern,$6.99 Standard shipping (3-5 days),USPS_GROUND_ADVANTAGE,5.45,02,shipping web,,,,,default,6471986872511,[],,Primary,115706,0.00,41752,shipping web,2026-04-15T21:53:17,https://tools.usps.com/go/TrackConfirmAction_input?strOrigTrackNum=9200190380878200005352,1,,UNKNOWN,False,,0.3775 lb,2.0000 inch,7.10 inch,10.70 inch
T3JkZXI6Nzk4NTM5OTA4,2026-04-15T21:55:56,U2hpcHBpbmdMYWJlbDo2MDQ3OTQxODk=,604794189,QWNjb3VudDo4MzY2Mw==,U2hpcG1lbnQ6NzgzODEzNTk0,T3JkZXI6Nzk4NTM5OTA4,49983,POLY BUBBLE #1,valid,9200190380878200005369,9200190380878200005369,798539908,84983,usps_modern,Subscription shipping,USPS_GROUND_ADVANTAGE,5.07,02,shipping web,,,,,default,6471988379839,[],,Primary,115706,0.00,41752,shipping web,2026-04-15T21:55:56,https://tools.usps.com/go/TrackConfirmAction_input?strOrigTrackNum=9200190380878200005369,1,,UNKNOWN,False,,0.1713 lb,2.0000 inch,7.10 inch,10.70 inch
T3JkZXI6Nzk4NTQwMjA0,2026-04-15T22:00:50,U2hpcHBpbmdMYWJlbDo2MDQ3OTU2MDE=,604795601,QWNjb3VudDo4MzY2Mw==,U2hpcG1lbnQ6NzgzODE1MTY0,T3JkZXI6Nzk4NTQwMjA0,46863,10X8X4,valid,9234690380878200010242,9234690380878200010242,798540204,84983,usps_modern,$6.99 Standard shipping (3-5 days),USPS_GROUND_ADVANTAGE,6.29,02,shipping web,,,,,default,6471992049855,[],,Primary,115706,0.00,41752,shipping web,2026-04-15T22:00:50,https://tools.usps.com/go/TrackConfirmAction_input?strOrigTrackNum=9234690380878200010242,1,,UNKNOWN,False,,2.0875 lb,4.0000 inch,8.00 inch,10.00 inch
T3JkZXI6Nzk4NTQwMTY0,2026-04-15T22:01:39,U2hpcHBpbmdMYWJlbDo2MDQ3OTU3OTQ=,604795794,QWNjb3VudDo4MzY2Mw==,U2hpcG1lbnQ6NzgzODE1Mzg5,T3JkZXI6Nzk4NTQwMTY0,46863,10X8X4,valid,9234690380878200010259,9234690380878200010259,798540164,84983,usps_modern,$6.99 Standard shipping (3-5 days),USPS_GROUND_ADVANTAGE,7.52,02,shipping web,,,,,default,6471993950399,[],,Primary,115706,0.00,41752,shipping web,2026-04-15T22:01:39,https://tools.usps.com/go/TrackConfirmAction_input?strOrigTrackNum=9234690380878200010259,1,,UNKNOWN,False,,1.7275 lb,4.0000 inch,8.00 inch,10.00 inch
T3JkZXI6Nzk4NTQwNDM3,2026-04-15T22:02:54,U2hpcHBpbmdMYWJlbDo2MDQ3OTYxMDY=,604796106,QWNjb3VudDo4MzY2Mw==,U2hpcG1lbnQ6NzgzODE1NzMy,T3JkZXI6Nzk4NTQwNDM3,49981,POLY BUBBLE #00,valid,9200190380878200005376,9200190380878200005376,798540437,84983,usps_modern,$6.99 Standard shipping (3-5 days),USPS_GROUND_ADVANTAGE,5.89,02,shipping web,,,,,default,6471996932287,[],,Primary,115706,0.00,41752,shipping web,2026-04-15T22:02:54,https://tools.usps.com/go/TrackConfirmAction_input?strOrigTrackNum=9200190380878200005376,1,,UNKNOWN,False,,0.0900 lb,2.0000 inch,4.80 inch,8.65 inch
T3JkZXI6Nzk4NTc3OTc3,2026-04-15T22:04:56,U2hpcHBpbmdMYWJlbDo2MDQ3OTY5MzA=,604796930,QWNjb3VudDo4MzY2Mw==,U2hpcG1lbnQ6NzgzODE2NTk3,T3JkZXI6Nzk4NTc3OTc3,48203,8X4X4,valid,9234690380878200010266,9234690380878200010266,798577977,84983,usps_modern,Free Standard Shipping (3-5 days),USPS_GROUND_ADVANTAGE,7.31,02,shipping web,,,,,default,6471999422655,[],,Primary,115706,0.00,41752,shipping web,2026-04-15T22:04:56,https://tools.usps.com/go/TrackConfirmAction_input?strOrigTrackNum=9234690380878200010266,1,,UNKNOWN,False,,2.2794 lb,4.0000 inch,4.00 inch,8.00 inch
T3JkZXI6Nzk4NTc5Njk1,2026-04-15T22:06:11,U2hpcHBpbmdMYWJlbDo2MDQ3OTczMzA=,604797330,QWNjb3VudDo4MzY2Mw==,U2hpcG1lbnQ6NzgzODE3MDU2,T3JkZXI6Nzk4NTc5Njk1,48203,8X4X4,valid,9234690380878200010273,9234690380878200010273,798579695,84983,usps_modern,Free Standard Shipping (3-5 days),USPS_GROUND_ADVANTAGE,6.50,02,shipping web,,,,,default,6472000635071,[],,Primary,115706,0.00,41752,shipping web,2026-04-15T22:06:11,https://tools.usps.com/go/TrackConfirmAction_input?strOrigTrackNum=9234690380878200010273,1,,UNKNOWN,False,,2.1400 lb,4.0000 inch,4.00 inch,8.00 inch
T3JkZXI6Nzk4NTk3MDE4,2026-04-15T22:10:52,U2hpcHBpbmdMYWJlbDo2MDQ3OTg2Njk=,604798669,QWNjb3VudDo4MzY2Mw==,U2hpcG1lbnQ6NzgzODE4NTc0,T3JkZXI6Nzk4NTk3MDE4,46863,10X8X4,valid,9234690380878200010280,9234690380878200010280,798597018,84983,usps_modern,Free Standard Shipping (3-5 days),USPS_GROUND_ADVANTAGE,7.52,02,shipping web,,,,,default,6472005320895,[],,Primary,115706,0.00,41752,shipping web,2026-04-15T22:10:52,https://tools.usps.com/go/TrackConfirmAction_input?strOrigTrackNum=9234690380878200010280,1,,UNKNOWN,False,,2.8300 lb,4.0000 inch,8.00 inch,10.00 inch
T3JkZXI6Nzk4NTk4MjY0,2026-04-15T22:20:54,U2hpcHBpbmdMYWJlbDo2MDQ4MDE1NTE=,604801551,QWNjb3VudDo4MzY2Mw==,U2hpcG1lbnQ6NzgzODIxOTEz,T3JkZXI6Nzk4NTk4MjY0,46863,10X8X4,valid,9234690380878200010297,9234690380878200010297,798598264,84983,usps_modern,Free Standard Shipping (3-5 days),USPS_GROUND_ADVANTAGE,8.65,02,shipping web,,,,,default,6472014594239,[],,Primary,115706,0.00,41752,shipping web,2026-04-15T22:20:54,https://tools.usps.com/go/TrackConfirmAction_input?strOrigTrackNum=9234690380878200010297,1,,UNKNOWN,False,,3.6600 lb,4.0000 inch,8.00 inch,10.00 inch
T3JkZXI6Nzk4NjM1MTg1,2026-04-15T22:25:03,U2hpcHBpbmdMYWJlbDo2MDQ4MDI5NTA=,604802950,QWNjb3VudDo4MzY2Mw==,U2hpcG1lbnQ6NzgzODIzNDQ0,T3JkZXI6Nzk4NjM1MTg1,48203,8X4X4,valid,9234690380878200010303,9234690380878200010303,798635185,84983,usps_modern,Free Standard Shipping (3-5 days),USPS_GROUND_ADVANTAGE,8.83,02,shipping web,,,,,default,6472018493631,[],,Primary,115706,0.00,41752,shipping web,2026-04-15T22:25:03,https://tools.usps.com/go/TrackConfirmAction_input?strOrigTrackNum=9234690380878200010303,1,,UNKNOWN,False,,2.2300 lb,4.0000 inch,4.00 inch,8.00 inch
T3JkZXI6Nzk4NjM4OTEx,2026-04-15T22:25:46,U2hpcHBpbmdMYWJlbDo2MDQ4MDMyNjA=,604803260,QWNjb3VudDo4MzY2Mw==,U2hpcG1lbnQ6NzgzODIzNzc1,T3JkZXI6Nzk4NjM4OTEx,48203,8X4X4,valid,9234690380878200010310,9234690380878200010310,798638911,84983,usps_modern,Free Standard Shipping (3-5 days),USPS_GROUND_ADVANTAGE,8.35,02,shipping web,,,,,default,6472018886847,[],,Primary,115706,0.00,41752,shipping web,2026-04-15T22:25:46,https://tools.usps.com/go/TrackConfirmAction_input?strOrigTrackNum=9234690380878200010310,1,,UNKNOWN,False,,2.2200 lb,4.0000 inch,4.00 inch,8.00 inch
T3JkZXI6Nzk4NTM3MzE1,2026-04-15T22:46:14,U2hpcHBpbmdMYWJlbDo2MDQ4MDgzOTA=,604808390,QWNjb3VudDo4MzY2Mw==,U2hpcG1lbnQ6NzgzODI5NTQ1,T3JkZXI6Nzk4NTM3MzE1,46863,10X8X4,valid,9234690380878200010327,9234690380878200010327,798537315,84983,usps_modern,$6.99 Standard shipping (3-5 days),USPS_GROUND_ADVANTAGE,10.96,02,shipping web,,,,,default,6472049557695,[],,Primary,115706,0.00,41752,shipping web,2026-04-15T22:46:14,https://tools.usps.com/go/TrackConfirmAction_input?strOrigTrackNum=9234690380878200010327,1,,UNKNOWN,False,,3.0275 lb,4.0000 inch,8.00 inch,10.00 inch
T3JkZXI6Nzk4NjQ2Njcy,2026-04-15T23:01:08,U2hpcHBpbmdMYWJlbDo2MDQ4MTE2NDQ=,604811644,QWNjb3VudDo4MzY2Mw==,U2hpcG1lbnQ6NzgzODMzNDQx,T3JkZXI6Nzk4NjQ2Njcy,49983,POLY BUBBLE #1,valid,9200190380878200005383,9200190380878200005383,798646672,84983,usps_modern,Subscription shipping,USPS_GROUND_ADVANTAGE,5.62,02,shipping web,,,,,default,6472059289791,[],,Primary,115706,0.00,41752,shipping web,2026-04-15T23:01:09,https://tools.usps.com/go/TrackConfirmAction_input?strOrigTrackNum=9200190380878200005383,1,,UNKNOWN,False,,0.4213 lb,2.0000 inch,7.10 inch,10.70 inch
T3JkZXI6Nzk5MDYwNzU0,2026-04-16T15:01:15,U2hpcHBpbmdMYWJlbDo2MDUwNTczNjQ=,605057364,QWNjb3VudDo4MzY2Mw==,U2hpcG1lbnQ6Nzg0MTIzMDQy,T3JkZXI6Nzk5MDYwNzU0,49982,POLY BUBBLE #0,valid,9200190380878200005390,9200190380878200005390,799060754,84983,usps_modern,$6.99 Standard shipping (3-5 days),USPS_GROUND_ADVANTAGE,6.24,02,shipping web,,,,,default,6473321742527,[],,Primary,115706,0.00,41752,shipping web,2026-04-16T15:01:15,https://tools.usps.com/go/TrackConfirmAction_input?strOrigTrackNum=9200190380878200005390,1,,UNKNOWN,False,,0.7000 lb,2.0000 inch,5.80 inch,8.70 inch
T3JkZXI6Nzk4NjU1ODMz,2026-04-16T15:09:06,U2hpcHBpbmdMYWJlbDo2MDUwNjMyMTM=,605063213,QWNjb3VudDo4MzY2Mw==,U2hpcG1lbnQ6Nzg0MTI5NjIz,T3JkZXI6Nzk4NjU1ODMz,49983,POLY BUBBLE #1,valid,9200190380878200005406,9200190380878200005406,798655833,84983,usps_modern,Custom,USPS_GROUND_ADVANTAGE,5.07,02,shipping web,,,,,default,6473331343551,[],,Primary,115706,0.00,41752,shipping web,2026-04-16T15:09:06,https://tools.usps.com/go/TrackConfirmAction_input?strOrigTrackNum=9200190380878200005406,1,,UNKNOWN,False,,0.1713 lb,2.0000 inch,7.10 inch,10.70 inch
T3JkZXI6Nzk4Njg2OTc0,2026-04-16T15:11:30,U2hpcHBpbmdMYWJlbDo2MDUwNjQ4MDg=,605064808,QWNjb3VudDo4MzY2Mw==,U2hpcG1lbnQ6Nzg0MTMxMzg4,T3JkZXI6Nzk4Njg2OTc0,49982,POLY BUBBLE #0,valid,9234690380878200010334,9234690380878200010334,798686974,84983,usps_modern,Free Standard Shipping (3-5 days),USPS_GROUND_ADVANTAGE,6.19,02,shipping web,,,,,default,6473333768383,[],,Primary,115706,0.00,41752,shipping web,2026-04-16T15:11:30,https://tools.usps.com/go/TrackConfirmAction_input?strOrigTrackNum=9234690380878200010334,1,,UNKNOWN,False,,1.0100 lb,2.0000 inch,5.80 inch,8.70 inch
T3JkZXI6Nzk4NzAwMzY0,2026-04-16T15:15:21,U2hpcHBpbmdMYWJlbDo2MDUwNjg1MTk=,605068519,QWNjb3VudDo4MzY2Mw==,U2hpcG1lbnQ6Nzg0MTM1NzMy,T3JkZXI6Nzk4NzAwMzY0,48203,8X4X4,valid,9234690380878200010341,9234690380878200010341,798700364,84983,usps_modern,Free Standard Shipping (3-5 days),USPS_GROUND_ADVANTAGE,7.86,02,shipping web,,,,,default,6473337831615,[],,Primary,115706,0.00,41752,shipping web,2026-04-16T15:15:21,https://tools.usps.com/go/TrackConfirmAction_input?strOrigTrackNum=9234690380878200010341,1,,UNKNOWN,False,,2.2200 lb,4.0000 inch,4.00 inch,8.00 inch
T3JkZXI6Nzk4NzYwNDg2,2026-04-16T15:19:38,U2hpcHBpbmdMYWJlbDo2MDUwNzMwODM=,605073083,QWNjb3VudDo4MzY2Mw==,U2hpcG1lbnQ6Nzg0MTQwNjA3,T3JkZXI6Nzk4NzYwNDg2,48204,POLY BUBBLE #2,valid,9234690380878200010358,9234690380878200010358,798760486,84983,usps_modern,Free Standard Shipping (3-5 days),USPS_GROUND_ADVANTAGE,6.18,02,shipping web,,,,,default,6473345695935,[],,Primary,115706,0.00,41752,shipping web,2026-04-16T15:19:39,https://tools.usps.com/go/TrackConfirmAction_input?strOrigTrackNum=9234690380878200010358,1,,UNKNOWN,False,,1.1100 lb,2.0000 inch,8.38 inch,10.75 inch
T3JkZXI6Nzk4ODI4ODc3,2026-04-16T15:24:00,U2hpcHBpbmdMYWJlbDo2MDUwNzg1NjA=,605078560,QWNjb3VudDo4MzY2Mw==,U2hpcG1lbnQ6Nzg0MTQ2NDQ3,T3JkZXI6Nzk4ODI4ODc3,48203,8X4X4,valid,9234690380878200010365,9234690380878200010365,798828877,84983,usps_modern,Free Standard Shipping (3-5 days),USPS_GROUND_ADVANTAGE,6.19,02,shipping web,,,,,default,6473353756863,[],,Primary,115706,0.00,41752,shipping web,2026-04-16T15:24:00,https://tools.usps.com/go/TrackConfirmAction_input?strOrigTrackNum=9234690380878200010365,1,,UNKNOWN,False,,2.1500 lb,4.0000 inch,4.00 inch,8.00 inch
T3JkZXI6Nzk4ODQzMTc0,2026-04-16T15:25:10,U2hpcHBpbmdMYWJlbDo2MDUwNzkwNDY=,605079046,QWNjb3VudDo4MzY2Mw==,U2hpcG1lbnQ6Nzg0MTQ2OTky,T3JkZXI6Nzk4ODQzMTc0,49982,POLY BUBBLE #0,valid,9200190380878200005413,9200190380878200005413,798843174,84983,usps_modern,$6.99 Standard shipping (3-5 days),USPS_GROUND_ADVANTAGE,5.78,02,shipping web,,,,,default,6473355165887,[],,Primary,115706,0.00,41752,shipping web,2026-04-16T15:25:11,https://tools.usps.com/go/TrackConfirmAction_input?strOrigTrackNum=9200190380878200005413,1,,UNKNOWN,False,,0.7100 lb,2.0000 inch,5.80 inch,8.70 inch
T3JkZXI6Nzk4ODQ4NDM1,2026-04-16T15:26:32,U2hpcHBpbmdMYWJlbDo2MDUwODA1OTg=,605080598,QWNjb3VudDo4MzY2Mw==,U2hpcG1lbnQ6Nzg0MTQ4NjQ4,T3JkZXI6Nzk4ODQ4NDM1,48203,8X4X4,valid,9234690380878200010372,9234690380878200010372,798848435,84983,usps_modern,Free Standard Shipping (3-5 days),USPS_GROUND_ADVANTAGE,8.83,02,shipping web,,,,,default,6473356574911,[],,Primary,115706,0.00,41752,shipping web,2026-04-16T15:26:32,https://tools.usps.com/go/TrackConfirmAction_input?strOrigTrackNum=9234690380878200010372,1,,UNKNOWN,False,,2.1256 lb,4.0000 inch,4.00 inch,8.00 inch
T3JkZXI6Nzk4OTU2NDc4,2026-04-16T15:31:30,U2hpcHBpbmdMYWJlbDo2MDUwODQ5MDc=,605084907,QWNjb3VudDo4MzY2Mw==,U2hpcG1lbnQ6Nzg0MTUzNTYw,T3JkZXI6Nzk4OTU2NDc4,48203,8X4X4,valid,9234690380878200010389,9234690380878200010389,798956478,84983,usps_modern,Free Standard Shipping (3-5 days),USPS_GROUND_ADVANTAGE,6.19,02,shipping web,,,,,default,6473390293183,[],,Primary,115706,0.00,41752,shipping web,2026-04-16T15:31:30,https://tools.usps.com/go/TrackConfirmAction_input?strOrigTrackNum=9234690380878200010389,1,,UNKNOWN,False,,2.2794 lb,4.0000 inch,4.00 inch,8.00 inch
T3JkZXI6Nzk4OTcxNTc2,2026-04-16T15:33:43,U2hpcHBpbmdMYWJlbDo2MDUwODc0MjI=,605087422,QWNjb3VudDo4MzY2Mw==,U2hpcG1lbnQ6Nzg0MTU2MjAz,T3JkZXI6Nzk4OTcxNTc2,48204,POLY BUBBLE #2,valid,9234690380878200010396,9234690380878200010396,798971576,84983,usps_modern,Free Standard Shipping (3-5 days),USPS_GROUND_ADVANTAGE,10.96,02,shipping web,,,,,default,6473395503295,[],,Primary,115706,0.00,41752,shipping web,2026-04-16T15:33:43,https://tools.usps.com/go/TrackConfirmAction_input?strOrigTrackNum=9234690380878200010396,1,,UNKNOWN,False,,1.0800 lb,2.0000 inch,8.38 inch,10.75 inch
T3JkZXI6Nzk5MDIwNTk0,2026-04-16T15:41:37,U2hpcHBpbmdMYWJlbDo2MDUwOTQyNTc=,605094257,QWNjb3VudDo4MzY2Mw==,U2hpcG1lbnQ6Nzg0MTYzMjIy,T3JkZXI6Nzk5MDIwNTk0,46863,10X8X4,valid,9234690380878200010402,9234690380878200010402,799020594,84983,usps_modern,Free Standard Shipping (3-5 days),USPS_GROUND_ADVANTAGE,6.68,02,shipping web,,,,,default,6473409200319,[],,Primary,115706,0.00,41752,shipping web,2026-04-16T15:41:37,https://tools.usps.com/go/TrackConfirmAction_input?strOrigTrackNum=9234690380878200010402,1,,UNKNOWN,False,,2.3194 lb,4.0000 inch,8.00 inch,10.00 inch
T3JkZXI6Nzk5MDM3OTEy,2026-04-16T15:44:25,U2hpcHBpbmdMYWJlbDo2MDUwOTY1NDU=,605096545,QWNjb3VudDo4MzY2Mw==,U2hpcG1lbnQ6Nzg0MTY1ODU2,T3JkZXI6Nzk5MDM3OTEy,48203,8X4X4,valid,9234690380878200010419,9234690380878200010419,799037912,84983,usps_modern,$6.99 Standard shipping (3-5 days),USPS_GROUND_ADVANTAGE,9.38,02,shipping web,,,,,default,6473416442047,[],,Primary,115706,0.00,41752,shipping web,2026-04-16T15:44:25,https://tools.usps.com/go/TrackConfirmAction_input?strOrigTrackNum=9234690380878200010419,1,,UNKNOWN,False,,2.0200 lb,4.0000 inch,4.00 inch,8.00 inch
T3JkZXI6Nzk5MDQwNzY3,2026-04-16T15:45:09,U2hpcHBpbmdMYWJlbDo2MDUwOTcxODU=,605097185,QWNjb3VudDo4MzY2Mw==,U2hpcG1lbnQ6Nzg0MTY2NjUw,T3JkZXI6Nzk5MDQwNzY3,48203,8X4X4,valid,9234690380878200010426,9234690380878200010426,799040767,84983,usps_modern,Free Standard Shipping (3-5 days),USPS_GROUND_ADVANTAGE,8.83,02,shipping web,,,,,default,6473420341439,[],,Primary,115706,0.00,41752,shipping web,2026-04-16T15:45:09,https://tools.usps.com/go/TrackConfirmAction_input?strOrigTrackNum=9234690380878200010426,1,,UNKNOWN,False,,2.2794 lb,4.0000 inch,4.00 inch,8.00 inch
T3JkZXI6Nzk5MDU0ODIz,2026-04-16T15:54:59,U2hpcHBpbmdMYWJlbDo2MDUxMDczMTk=,605107319,QWNjb3VudDo4MzY2Mw==,U2hpcG1lbnQ6Nzg0MTc3NDky,T3JkZXI6Nzk5MDU0ODIz,48203,8X4X4,valid,9234690380878200010433,9234690380878200010433,799054823,84983,usps_modern,Free Standard Shipping (3-5 days),USPS_GROUND_ADVANTAGE,7.31,02,shipping web,,,,,default,6473443377343,[],,Primary,115706,0.00,41752,shipping web,2026-04-16T15:54:59,https://tools.usps.com/go/TrackConfirmAction_input?strOrigTrackNum=9234690380878200010433,1,,UNKNOWN,False,,2.2794 lb,4.0000 inch,4.00 inch,8.00 inch
T3JkZXI6Nzk5MDY1ODY3,2026-04-16T15:56:13,U2hpcHBpbmdMYWJlbDo2MDUxMDg0NTc=,605108457,QWNjb3VudDo4MzY2Mw==,U2hpcG1lbnQ6Nzg0MTc4NzI5,T3JkZXI6Nzk5MDY1ODY3,48203,8X4X4,valid,9234690380878200010440,9234690380878200010440,799065867,84983,usps_modern,Free Standard Shipping (3-5 days),USPS_GROUND_ADVANTAGE,7.31,02,shipping web,,,,,default,6473446391999,[],,Primary,115706,0.00,41752,shipping web,2026-04-16T15:56:13,https://tools.usps.com/go/TrackConfirmAction_input?strOrigTrackNum=9234690380878200010440,1,,UNKNOWN,False,,2.3300 lb,4.0000 inch,4.00 inch,8.00 inch
T3JkZXI6Nzk4NTk0MTEx,2026-04-16T18:32:59,U2hpcHBpbmdMYWJlbDo2MDUyMTczNDc=,605217347,QWNjb3VudDo4MzY2Mw==,U2hpcG1lbnQ6Nzg0Mjk3MjQy,T3JkZXI6Nzk4NTk0MTEx,56814,L-POLY,valid,9234690380878200010457,9234690380878200010457,798594111,84985,usps_modern,Economy,USPS_GROUND_ADVANTAGE,7.41,02,shipping web,,,,,default,6242750464278,[],,Primary,115706,0.00,41752,shipping web,2026-04-16T18:32:59,https://tools.usps.com/go/TrackConfirmAction_input?strOrigTrackNum=9234690380878200010457,1,,UNKNOWN,False,,2.1000 lb,1.0000 inch,12.00 inch,20.00 inch
T3JkZXI6Nzk4NzM5MzY5,2026-04-16T18:33:09,U2hpcHBpbmdMYWJlbDo2MDUyMTc0Mjg=,605217428,QWNjb3VudDo4MzY2Mw==,U2hpcG1lbnQ6Nzg0Mjk3MzQ2,T3JkZXI6Nzk4NzM5MzY5,56814,L-POLY,valid,9234690380878200010464,9234690380878200010464,798739369,84985,usps_modern,Redo Exchange Shipping,USPS_GROUND_ADVANTAGE,7.41,02,shipping web,,,,,default,6242751742230,[],,Primary,115706,0.00,41752,shipping web,2026-04-16T18:33:09,https://tools.usps.com/go/TrackConfirmAction_input?strOrigTrackNum=9234690380878200010464,1,,UNKNOWN,False,,2.1000 lb,1.0000 inch,12.00 inch,20.00 inch
T3JkZXI6Nzk5MTE5NzQy,2026-04-16T18:33:13,U2hpcHBpbmdMYWJlbDo2MDUyMTc0NjY=,605217466,QWNjb3VudDo4MzY2Mw==,U2hpcG1lbnQ6Nzg0Mjk3Mzky,T3JkZXI6Nzk5MTE5NzQy,56814,L-POLY,valid,9234690380878200010471,9234690380878200010471,799119742,84985,usps_modern,Economy,USPS_GROUND_ADVANTAGE,7.41,02,shipping web,,,,,default,6242752004374,[],,Primary,115706,0.00,41752,shipping web,2026-04-16T18:33:13,https://tools.usps.com/go/TrackConfirmAction_input?strOrigTrackNum=9234690380878200010471,1,,UNKNOWN,False,,2.1000 lb,1.0000 inch,12.00 inch,20.00 inch
T3JkZXI6Nzk4Nzc0MzQw,2026-04-16T18:36:36,U2hpcHBpbmdMYWJlbDo2MDUyMTkzMTQ=,605219314,QWNjb3VudDo4MzY2Mw==,U2hpcG1lbnQ6Nzg0Mjk5NTc5,T3JkZXI6Nzk4Nzc0MzQw,46875,M-POLY,valid,9234690380878200010488,9234690380878200010488,798774340,84985,usps_modern,Economy,USPS_GROUND_ADVANTAGE,7.41,02,shipping web,,,,,default,6242755772694,[],,Primary,115706,0.00,41752,shipping web,2026-04-16T18:36:36,https://tools.usps.com/go/TrackConfirmAction_input?strOrigTrackNum=9234690380878200010488,1,,UNKNOWN,False,,2.0400 lb,2.0000 inch,14.50 inch,16.00 inch
T3JkZXI6Nzk4NzM5NTM4,2026-04-16T18:36:57,U2hpcHBpbmdMYWJlbDo2MDUyMTk0OTc=,605219497,QWNjb3VudDo4MzY2Mw==,U2hpcG1lbnQ6Nzg0Mjk5ODAx,T3JkZXI6Nzk4NzM5NTM4,46875,M-POLY,valid,9234690380878200010495,9234690380878200010495,798739538,84985,usps_modern,Redo Exchange Shipping,USPS_GROUND_ADVANTAGE,7.00,02,shipping web,,,,,default,6242756133142,[],,Primary,115706,0.00,41752,shipping web,2026-04-16T18:36:57,https://tools.usps.com/go/TrackConfirmAction_input?strOrigTrackNum=9234690380878200010495,1,,UNKNOWN,False,,2.0400 lb,2.0000 inch,14.50 inch,16.00 inch
T3JkZXI6Nzk4NzM5NTY0,2026-04-16T18:38:25,U2hpcHBpbmdMYWJlbDo2MDUyMjAyOTc=,605220297,QWNjb3VudDo4MzY2Mw==,U2hpcG1lbnQ6Nzg0MzAwNjc3,T3JkZXI6Nzk4NzM5NTY0,46875,M-POLY,valid,9234690380878200010501,9234690380878200010501,798739564,84985,usps_modern,Redo Exchange Shipping,USPS_GROUND_ADVANTAGE,7.41,02,shipping web,,,,,default,6242759246102,[],,Primary,115706,0.00,41752,shipping web,2026-04-16T18:38:25,https://tools.usps.com/go/TrackConfirmAction_input?strOrigTrackNum=9234690380878200010501,1,,UNKNOWN,False,,2.0400 lb,2.0000 inch,14.50 inch,16.00 inch
T3JkZXI6NzkxMjIwOTky,2026-04-16T18:39:18,U2hpcHBpbmdMYWJlbDo2MDUyMjA3Njc=,605220767,QWNjb3VudDo4MzY2Mw==,U2hpcG1lbnQ6Nzg0MzAxMjE1,T3JkZXI6NzkxMjIwOTky,46875,M-POLY,valid,9200190380878200005420,9200190380878200005420,791220992,84985,usps_modern,Economy,USPS_GROUND_ADVANTAGE,5.00,02,shipping web,,,,,default,6242760425750,[],,Primary,115706,0.00,41752,shipping web,2026-04-16T18:39:18,https://tools.usps.com/go/TrackConfirmAction_input?strOrigTrackNum=9200190380878200005420,1,,UNKNOWN,False,,0.0400 lb,2.0000 inch,14.50 inch,16.00 inch
T3JkZXI6NzkxMzg0OTY1,2026-04-16T18:40:32,U2hpcHBpbmdMYWJlbDo2MDUyMjE1MDI=,605221502,QWNjb3VudDo4MzY2Mw==,U2hpcG1lbnQ6Nzg0MzAyMDk1,T3JkZXI6NzkxMzg0OTY1,46875,M-POLY,valid,9200190380878200005437,9200190380878200005437,791384965,84985,usps_modern,Economy,USPS_GROUND_ADVANTAGE,5.89,02,shipping web,,,,,default,6242762326294,[],,Primary,115706,0.00,41752,shipping web,2026-04-16T18:40:32,https://tools.usps.com/go/TrackConfirmAction_input?strOrigTrackNum=9200190380878200005437,1,,UNKNOWN,False,,0.0400 lb,2.0000 inch,14.50 inch,16.00 inch
T3JkZXI6Nzk4OTE0MTE1,2026-04-16T18:55:06,U2hpcHBpbmdMYWJlbDo2MDUyMzA4NTk=,605230859,QWNjb3VudDo4MzY2Mw==,U2hpcG1lbnQ6Nzg0MzEyMjE3,T3JkZXI6Nzk4OTE0MTE1,46875,M-POLY,valid,9234690380878200010518,9234690380878200010518,798914115,84985,usps_modern,Economy,USPS_GROUND_ADVANTAGE,7.00,02,shipping web,,,,,default,6242789851414,[],,Primary,115706,0.00,41752,shipping web,2026-04-16T18:55:06,https://tools.usps.com/go/TrackConfirmAction_input?strOrigTrackNum=9234690380878200010518,1,,UNKNOWN,False,,2.0400 lb,2.0000 inch,14.50 inch,16.00 inch
T3JkZXI6Nzk5MTQ3Njg0,2026-04-16T18:55:28,U2hpcHBpbmdMYWJlbDo2MDUyMzEwNjA=,605231060,QWNjb3VudDo4MzY2Mw==,U2hpcG1lbnQ6Nzg0MzEyNDM3,T3JkZXI6Nzk5MTQ3Njg0,46874,S-POLY,valid,9200190380878200005444,9200190380878200005444,799147684,84984,usps_modern,Fast,USPS_GROUND_ADVANTAGE,5.00,02,shipping web,,,,,default,6652053782698,[],,Primary,115706,0.00,41752,shipping web,2026-04-16T18:55:28,https://tools.usps.com/go/TrackConfirmAction_input?strOrigTrackNum=9200190380878200005444,1,,UNKNOWN,False,,0.2075 lb,2.0000 inch,10.00 inch,12.00 inch
T3JkZXI6Nzk5MTQwODgx,2026-04-16T18:56:22,U2hpcHBpbmdMYWJlbDo2MDUyMzE1MTI=,605231512,QWNjb3VudDo4MzY2Mw==,U2hpcG1lbnQ6Nzg0MzEyOTIz,T3JkZXI6Nzk5MTQwODgx,46874,S-POLY,valid,9200190380878200005451,9200190380878200005451,799140881,85157,usps_modern,Standard Shipping,USPS_GROUND_ADVANTAGE,5.52,02,shipping web,,,,,default,6098416730336,[],,Primary,115706,0.00,41752,shipping web,2026-04-16T18:56:22,https://tools.usps.com/go/TrackConfirmAction_input?strOrigTrackNum=9200190380878200005451,1,,UNKNOWN,False,,0.4575 lb,2.0000 inch,10.00 inch,12.00 inch
T3JkZXI6Nzk4OTM3ODA4,2026-04-16T18:57:12,U2hpcHBpbmdMYWJlbDo2MDUyMzIwMjc=,605232027,QWNjb3VudDo4MzY2Mw==,U2hpcG1lbnQ6Nzg0MzEzNTQ5,T3JkZXI6Nzk4OTM3ODA4,46874,S-POLY,valid,9200190380878200005468,9200190380878200005468,798937808,84868,usps_modern,Standard Shipping,USPS_GROUND_ADVANTAGE,5.00,02,shipping web,,,,,default,6164073840888,[],,Primary,115706,0.00,41752,shipping web,2026-04-16T18:57:12,https://tools.usps.com/go/TrackConfirmAction_input?strOrigTrackNum=9200190380878200005468,1,,UNKNOWN,False,,0.1444 lb,2.0000 inch,10.00 inch,12.00 inch
T3JkZXI6NzkxMTk0Mzc4,2026-04-16T19:23:34,U2hpcHBpbmdMYWJlbDo2MDUyNDgwOTY=,605248096,QWNjb3VudDo4MzY2Mw==,U2hpcG1lbnQ6Nzg0MzMxMjEz,T3JkZXI6NzkxMTk0Mzc4,48710,12X8X6,valid,9200190380878200005475,9200190380878200005475,791194378,84985,usps_modern,Economy,USPS_GROUND_ADVANTAGE,5.45,02,shipping web,,,,,default,6242835661078,[],,Primary,115706,0.00,41752,shipping web,2026-04-16T19:23:34,https://tools.usps.com/go/TrackConfirmAction_input?strOrigTrackNum=9200190380878200005475,1,,UNKNOWN,False,,0.3500 lb,6.0000 inch,8.00 inch,12.00 inch
T3JkZXI6Nzk3OTU5MDQ4,2026-04-16T19:40:42,U2hpcHBpbmdMYWJlbDo2MDUyNTc3ODk=,605257789,QWNjb3VudDo4MzY2Mw==,U2hpcG1lbnQ6Nzg0MzQxNjE2,T3JkZXI6Nzk3OTU5MDQ4,46875,M-POLY,valid,9234690380878200010525,9234690380878200010525,797959048,84984,usps_modern,Fast,USPS_GROUND_ADVANTAGE,7.57,02,shipping web,,,,,default,6652148351146,[],,Primary,115706,0.00,41752,shipping web,2026-04-16T19:40:43,https://tools.usps.com/go/TrackConfirmAction_input?strOrigTrackNum=9234690380878200010525,1,,UNKNOWN,False,,1.1300 lb,2.0000 inch,14.50 inch,16.00 inch
T3JkZXI6Nzk0MDMxMzc3,2026-04-16T20:22:32,U2hpcHBpbmdMYWJlbDo2MDUyODIwNDY=,605282046,QWNjb3VudDo4MzY2Mw==,U2hpcG1lbnQ6Nzg0MzY4MDkx,T3JkZXI6Nzk0MDMxMzc3,46864,14X10X6,valid,9234690380878200010532,9234690380878200010532,794031377,84984,usps_modern,Fast,USPS_GROUND_ADVANTAGE,6.83,02,shipping web,,,,,default,6652251406506,[],,Primary,115706,0.00,41752,shipping web,2026-04-16T20:22:32,https://tools.usps.com/go/TrackConfirmAction_input?strOrigTrackNum=9234690380878200010532,1,,UNKNOWN,False,,1.9925 lb,6.0000 inch,10.00 inch,14.00 inch
T3JkZXI6Nzk5MTE0MzE0,2026-04-16T20:46:31,U2hpcHBpbmdMYWJlbDo2MDUyOTI1NzM=,605292573,QWNjb3VudDo4MzY2Mw==,U2hpcG1lbnQ6Nzg0MzgwMDU5,T3JkZXI6Nzk5MTE0MzE0,49983,POLY BUBBLE #1,valid,9200190380878200005482,9200190380878200005482,799114314,84983,usps_modern,$6.99 Standard shipping (3-5 days),USPS_GROUND_ADVANTAGE,5.52,02,bulk ship,,,,,default,6474052075711,[],,Primary,115706,0.00,41752,bulk ship,2026-04-16T20:46:31,https://tools.usps.com/go/TrackConfirmAction_input?strOrigTrackNum=9200190380878200005482,1,,UNKNOWN,False,,0.3700 lb,2.0000 inch,7.10 inch,10.70 inch
T3JkZXI6Nzk5MTM1MDY4,2026-04-16T20:46:39,U2hpcHBpbmdMYWJlbDo2MDUyOTI2NDA=,605292640,QWNjb3VudDo4MzY2Mw==,U2hpcG1lbnQ6Nzg0MzgwMTMw,T3JkZXI6Nzk5MTM1MDY4,49983,POLY BUBBLE #1,valid,9200190380878200005499,9200190380878200005499,799135068,84983,usps_modern,$6.99 Standard shipping (3-5 days),USPS_GROUND_ADVANTAGE,5.39,02,bulk ship,,,,,default,6474052337855,[],,Primary,115706,0.00,41752,bulk ship,2026-04-16T20:46:39,https://tools.usps.com/go/TrackConfirmAction_input?strOrigTrackNum=9200190380878200005499,1,,UNKNOWN,False,,0.3700 lb,2.0000 inch,7.10 inch,10.70 inch
T3JkZXI6Nzk4Njc4NjMz,2026-04-16T20:56:37,U2hpcHBpbmdMYWJlbDo2MDUyOTcxNjc=,605297167,QWNjb3VudDo4MzY2Mw==,U2hpcG1lbnQ6Nzg0Mzg1MTg4,T3JkZXI6Nzk4Njc4NjMz,46874,S-POLY,valid,9205590380878200000282,9205590380878200000282,798678633,83998,usps_modern,None,PRIORITY_MAIL,14.09,02,shipping web,,,,,default,5991201734974,[],,Primary,115706,0.00,41752,shipping web,2026-04-16T20:56:37,https://tools.usps.com/go/TrackConfirmAction_input?strOrigTrackNum=9205590380878200000282,1,,UNKNOWN,False,,0.7400 lb,2.0000 inch,10.00 inch,12.00 inch
T3JkZXI6Nzk4Njg1NzE0,2026-04-16T20:56:55,U2hpcHBpbmdMYWJlbDo2MDUyOTczNTI=,605297352,QWNjb3VudDo4MzY2Mw==,U2hpcG1lbnQ6Nzg0Mzg1NDA1,T3JkZXI6Nzk4Njg1NzE0,46874,S-POLY,valid,9200190380878200005505,9200190380878200005505,798685714,84868,usps_modern,Standard Shipping,USPS_GROUND_ADVANTAGE,5.39,02,shipping web,,,,,default,6164243120376,[],,Primary,115706,0.00,41752,shipping web,2026-04-16T20:56:55,https://tools.usps.com/go/TrackConfirmAction_input?strOrigTrackNum=9200190380878200005505,1,,UNKNOWN,False,,0.2700 lb,2.0000 inch,10.00 inch,12.00 inch
T3JkZXI6Nzk5MTM0NjEx,2026-04-16T20:57:48,U2hpcHBpbmdMYWJlbDo2MDUyOTc4ODY=,605297886,QWNjb3VudDo4MzY2Mw==,U2hpcG1lbnQ6Nzg0Mzg1OTY2,T3JkZXI6Nzk5MTM0NjEx,49982,POLY BUBBLE #0,valid,9200190380878200005512,9200190380878200005512,799134611,84983,usps_modern,Subscription shipping,USPS_GROUND_ADVANTAGE,5.39,02,shipping web,,,,,default,6474071376063,[],,Primary,115706,0.00,41752,shipping web,2026-04-16T20:57:48,https://tools.usps.com/go/TrackConfirmAction_input?strOrigTrackNum=9200190380878200005512,1,,UNKNOWN,False,,0.3237 lb,2.0000 inch,5.80 inch,8.70 inch
T3JkZXI6Nzk5MTM0ODI5,2026-04-16T20:59:33,U2hpcHBpbmdMYWJlbDo2MDUyOTkwNTM=,605299053,QWNjb3VudDo4MzY2Mw==,U2hpcG1lbnQ6Nzg0Mzg3MTc0,T3JkZXI6Nzk5MTM0ODI5,46863,10X8X4,valid,9234690380878200010549,9234690380878200010549,799134829,84983,usps_modern,Subscription shipping,USPS_GROUND_ADVANTAGE,7.72,02,shipping web,,,,,default,6474073931967,[],,Primary,115706,0.00,41752,shipping web,2026-04-16T20:59:33,https://tools.usps.com/go/TrackConfirmAction_input?strOrigTrackNum=9234690380878200010549,1,,UNKNOWN,False,,2.5381 lb,4.0000 inch,8.00 inch,10.00 inch
T3JkZXI6Nzk5MTM1Mzcy,2026-04-16T21:07:38,U2hpcHBpbmdMYWJlbDo2MDUzMDMyNTQ=,605303254,QWNjb3VudDo4MzY2Mw==,U2hpcG1lbnQ6Nzg0MzkyNTk0,T3JkZXI6Nzk5MTM1Mzcy,46863,10X8X4,valid,9234690380878200010556,9234690380878200010556,799135372,84983,usps_modern,$6.99 Standard shipping (3-5 days),USPS_GROUND_ADVANTAGE,8.65,02,shipping web,,,,,default,6474084122815,[],,Primary,115706,0.00,41752,shipping web,2026-04-16T21:07:38,https://tools.usps.com/go/TrackConfirmAction_input?strOrigTrackNum=9234690380878200010556,1,,UNKNOWN,False,,1.7275 lb,4.0000 inch,8.00 inch,10.00 inch
T3JkZXI6Nzk4NzU5Mjcx,2026-04-16T21:13:55,U2hpcHBpbmdMYWJlbDo2MDUzMDU0MzE=,605305431,QWNjb3VudDo4MzY2Mw==,U2hpcG1lbnQ6Nzg0Mzk1MzIx,T3JkZXI6Nzk4NzU5Mjcx,56814,L-POLY,valid,9234690380878200010563,9234690380878200010563,798759271,84985,usps_modern,Economy,USPS_GROUND_ADVANTAGE,9.86,02,shipping web,,,,,default,6243007070486,[],,Primary,115706,0.00,41752,shipping web,2026-04-16T21:13:55,https://tools.usps.com/go/TrackConfirmAction_input?strOrigTrackNum=9234690380878200010563,1,,UNKNOWN,False,,3.9500 lb,1.0000 inch,12.00 inch,20.00 inch
T3JkZXI6Nzk5Mjg4NTg4,2026-04-16T21:15:32,U2hpcHBpbmdMYWJlbDo2MDUzMDU5OTE=,605305991,QWNjb3VudDo4MzY2Mw==,U2hpcG1lbnQ6Nzg0Mzk1OTI1,T3JkZXI6Nzk5Mjg4NTg4,56814,L-POLY,valid,9234690380878200010570,9234690380878200010570,799288588,84985,usps_modern,None,USPS_GROUND_ADVANTAGE,7.41,02,shipping web,,,,,default,6243009331478,[],,Primary,115706,0.00,41752,shipping web,2026-04-16T21:15:32,https://tools.usps.com/go/TrackConfirmAction_input?strOrigTrackNum=9234690380878200010570,1,,UNKNOWN,False,,2.1000 lb,1.0000 inch,12.00 inch,20.00 inch
T3JkZXI6Nzk5MTM2MjE5,2026-04-16T21:15:33,U2hpcHBpbmdMYWJlbDo2MDUzMDU5OTY=,605305996,QWNjb3VudDo4MzY2Mw==,U2hpcG1lbnQ6Nzg0Mzk1OTMx,T3JkZXI6Nzk5MTM2MjE5,46863,10X8X4,valid,9234690380878200010587,9234690380878200010587,799136219,84983,usps_modern,Free Standard Shipping (3-5 days),USPS_GROUND_ADVANTAGE,7.52,02,shipping web,,,,,default,6474092085439,[],,Primary,115706,0.00,41752,shipping web,2026-04-16T21:15:33,https://tools.usps.com/go/TrackConfirmAction_input?strOrigTrackNum=9234690380878200010587,1,,UNKNOWN,False,,5.6275 lb,4.0000 inch,8.00 inch,10.00 inch
T3JkZXI6NzkwNTIyNjAz,2026-04-16T21:16:38,U2hpcHBpbmdMYWJlbDo2MDUzMDYzNjA=,605306360,QWNjb3VudDo4MzY2Mw==,U2hpcG1lbnQ6Nzg0Mzk2Mzcz,T3JkZXI6NzkwNTIyNjAz,46875,M-POLY,valid,9234690380878200010594,9234690380878200010594,790522603,84984,usps_modern,Fast,USPS_GROUND_ADVANTAGE,6.83,02,shipping web,,,,,default,6652337881258,[],,Primary,115706,0.00,41752,shipping web,2026-04-16T21:16:38,https://tools.usps.com/go/TrackConfirmAction_input?strOrigTrackNum=9234690380878200010594,1,,UNKNOWN,False,,1.1300 lb,2.0000 inch,14.50 inch,16.00 inch
T3JkZXI6Nzk5MTM1ODAz,2026-04-16T21:19:08,U2hpcHBpbmdMYWJlbDo2MDUzMDcxNjA=,605307160,QWNjb3VudDo4MzY2Mw==,U2hpcG1lbnQ6Nzg0Mzk3MjYx,T3JkZXI6Nzk5MTM1ODAz,48203,8X4X4,valid,9234690380878200010600,9234690380878200010600,799135803,84983,usps_modern,Free Standard Shipping (3-5 days),USPS_GROUND_ADVANTAGE,6.50,02,shipping web,,,,,default,6474096378047,[],,Primary,115706,0.00,41752,shipping web,2026-04-16T21:19:08,https://tools.usps.com/go/TrackConfirmAction_input?strOrigTrackNum=9234690380878200010600,1,,UNKNOWN,False,,2.1400 lb,4.0000 inch,4.00 inch,8.00 inch
T3JkZXI6Nzk4OTE4OTcy,2026-04-16T21:43:58,U2hpcHBpbmdMYWJlbDo2MDUzMTQ1NTk=,605314559,QWNjb3VudDo4MzY2Mw==,U2hpcG1lbnQ6Nzg0NDA2MDM3,T3JkZXI6Nzk4OTE4OTcy,46874,S-POLY,valid,9200190380878200005529,9200190380878200005529,798918972,84868,usps_modern,Standard Shipping,USPS_GROUND_ADVANTAGE,5.00,02,shipping web,,,,,default,6164292665592,[],,Primary,115706,0.00,41752,shipping web,2026-04-16T21:43:58,https://tools.usps.com/go/TrackConfirmAction_input?strOrigTrackNum=9200190380878200005529,1,,UNKNOWN,False,,0.2231 lb,2.0000 inch,10.00 inch,12.00 inch
T3JkZXI6Nzk5MTM2OTUx,2026-04-16T21:44:39,U2hpcHBpbmdMYWJlbDo2MDUzMTQ3MzI=,605314732,QWNjb3VudDo4MzY2Mw==,U2hpcG1lbnQ6Nzg0NDA2Mjc1,T3JkZXI6Nzk5MTM2OTUx,48203,8X4X4,valid,9234690380878200010617,9234690380878200010617,799136951,84983,usps_modern,$6.99 Standard shipping (3-5 days),USPS_GROUND_ADVANTAGE,8.10,02,shipping web,,,,,default,6474119839935,[],,Primary,115706,0.00,41752,shipping web,2026-04-16T21:44:39,https://tools.usps.com/go/TrackConfirmAction_input?strOrigTrackNum=9234690380878200010617,1,,UNKNOWN,False,,1.6000 lb,4.0000 inch,4.00 inch,8.00 inch
T3JkZXI6Nzk4Njc1Nzcz,2026-04-16T21:46:15,U2hpcHBpbmdMYWJlbDo2MDUzMTUxNjM=,605315163,QWNjb3VudDo4MzY2Mw==,U2hpcG1lbnQ6Nzg0NDA2NzU5,T3JkZXI6Nzk4Njc1Nzcz,46875,M-POLY,valid,9234690380878200010624,9234690380878200010624,798675773,84984,usps_modern,Fast,USPS_GROUND_ADVANTAGE,7.57,02,shipping web,,,,,default,6652377759914,[],,Primary,115706,0.00,41752,shipping web,2026-04-16T21:46:15,https://tools.usps.com/go/TrackConfirmAction_input?strOrigTrackNum=9234690380878200010624,1,,UNKNOWN,False,,1.6600 lb,2.0000 inch,14.50 inch,16.00 inch
T3JkZXI6Nzk4ODU1NjYw,2026-04-16T21:47:11,U2hpcHBpbmdMYWJlbDo2MDUzMTU0MjI=,605315422,QWNjb3VudDo4MzY2Mw==,U2hpcG1lbnQ6Nzg0NDA3MDYz,T3JkZXI6Nzk4ODU1NjYw,46875,M-POLY,valid,9234690380878200010631,9234690380878200010631,798855660,85157,usps_modern,Standard Shipping,USPS_GROUND_ADVANTAGE,7.41,02,shipping web,,,,,default,6098669764832,[],,Primary,115706,0.00,41752,shipping web,2026-04-16T21:47:11,https://tools.usps.com/go/TrackConfirmAction_input?strOrigTrackNum=9234690380878200010631,1,,UNKNOWN,False,,2.3462 lb,2.0000 inch,14.50 inch,16.00 inch
T3JkZXI6Nzk5MjA3MTI2,2026-04-16T21:51:00,U2hpcHBpbmdMYWJlbDo2MDUzMTYzNjg=,605316368,QWNjb3VudDo4MzY2Mw==,U2hpcG1lbnQ6Nzg0NDA4MTQ5,T3JkZXI6Nzk5MjA3MTI2,49982,POLY BUBBLE #0,valid,9200190380878200005536,9200190380878200005536,799207126,84983,usps_modern,$6.99 Standard shipping (3-5 days),USPS_GROUND_ADVANTAGE,6.22,02,shipping web,,,,,default,6474125312191,[],,Primary,115706,0.00,41752,shipping web,2026-04-16T21:51:00,https://tools.usps.com/go/TrackConfirmAction_input?strOrigTrackNum=9200190380878200005536,1,,UNKNOWN,False,,0.7500 lb,2.0000 inch,5.80 inch,8.70 inch
T3JkZXI6Nzk5MjAzMzMz,2026-04-16T21:53:05,U2hpcHBpbmdMYWJlbDo2MDUzMTY5NDM=,605316943,QWNjb3VudDo4MzY2Mw==,U2hpcG1lbnQ6Nzg0NDA4ODU1,T3JkZXI6Nzk5MjAzMzMz,49983,POLY BUBBLE #1,valid,9200190380878200005543,9200190380878200005543,799203333,84983,usps_modern,$6.99 Standard shipping (3-5 days),USPS_GROUND_ADVANTAGE,5.00,02,shipping web,,,,,default,6474127081663,[],,Primary,115706,0.00,41752,shipping web,2026-04-16T21:53:05,https://tools.usps.com/go/TrackConfirmAction_input?strOrigTrackNum=9200190380878200005543,1,,UNKNOWN,False,,0.2150 lb,2.0000 inch,7.10 inch,10.70 inch
T3JkZXI6Nzk5MjE1Njgz,2026-04-16T21:53:46,U2hpcHBpbmdMYWJlbDo2MDUzMTcxMzE=,605317131,QWNjb3VudDo4MzY2Mw==,U2hpcG1lbnQ6Nzg0NDA5MDg0,T3JkZXI6Nzk5MjE1Njgz,49982,POLY BUBBLE #0,valid,9200190380878200005550,9200190380878200005550,799215683,84983,usps_modern,$6.99 Standard shipping (3-5 days),USPS_GROUND_ADVANTAGE,6.22,02,shipping web,,,,,default,6474127868095,[],,Primary,115706,0.00,41752,shipping web,2026-04-16T21:53:46,https://tools.usps.com/go/TrackConfirmAction_input?strOrigTrackNum=9200190380878200005550,1,,UNKNOWN,False,,0.7100 lb,2.0000 inch,5.80 inch,8.70 inch
T3JkZXI6Nzk5MjQxOTYz,2026-04-16T21:55:24,U2hpcHBpbmdMYWJlbDo2MDUzMTc1NDg=,605317548,QWNjb3VudDo4MzY2Mw==,U2hpcG1lbnQ6Nzg0NDA5NjAy,T3JkZXI6Nzk5MjQxOTYz,46863,10X8X4,valid,9234690380878200010648,9234690380878200010648,799241963,84983,usps_modern,Free Standard Shipping (3-5 days),USPS_GROUND_ADVANTAGE,6.29,02,shipping web,,,,,default,6474130030783,[],,Primary,115706,0.00,41752,shipping web,2026-04-16T21:55:24,https://tools.usps.com/go/TrackConfirmAction_input?strOrigTrackNum=9234690380878200010648,1,,UNKNOWN,False,,2.0650 lb,4.0000 inch,8.00 inch,10.00 inch
T3JkZXI6Nzk5MjM4NDU3,2026-04-16T21:56:15,U2hpcHBpbmdMYWJlbDo2MDUzMTc3MzU=,605317735,QWNjb3VudDo4MzY2Mw==,U2hpcG1lbnQ6Nzg0NDA5ODM3,T3JkZXI6Nzk5MjM4NDU3,48203,8X4X4,valid,9234690380878200010655,9234690380878200010655,799238457,84983,usps_modern,Free Standard Shipping (3-5 days),USPS_GROUND_ADVANTAGE,8.83,02,shipping web,,,,,default,6474130915519,[],,Primary,115706,0.00,41752,shipping web,2026-04-16T21:56:15,https://tools.usps.com/go/TrackConfirmAction_input?strOrigTrackNum=9234690380878200010655,1,,UNKNOWN,False,,2.2200 lb,4.0000 inch,4.00 inch,8.00 inch
T3JkZXI6Nzk5MjY2MzEz,2026-04-16T22:04:25,U2hpcHBpbmdMYWJlbDo2MDUzMTk4ODA=,605319880,QWNjb3VudDo4MzY2Mw==,U2hpcG1lbnQ6Nzg0NDEyMjE2,T3JkZXI6Nzk5MjY2MzEz,56814,L-POLY,valid,9234690380878200010662,9234690380878200010662,799266313,84985,usps_modern,Economy,USPS_GROUND_ADVANTAGE,7.94,02,shipping web,,,,,default,6243074736406,[],,Primary,115706,0.00,41752,shipping web,2026-04-16T22:04:25,https://tools.usps.com/go/TrackConfirmAction_input?strOrigTrackNum=9234690380878200010662,1,,UNKNOWN,False,,5.7500 lb,1.0000 inch,12.00 inch,20.00 inch
T3JkZXI6Nzk5MjgwODA1,2026-04-16T22:09:45,U2hpcHBpbmdMYWJlbDo2MDUzMjEzMzU=,605321335,QWNjb3VudDo4MzY2Mw==,U2hpcG1lbnQ6Nzg0NDEzOTQ4,T3JkZXI6Nzk5MjgwODA1,56814,L-POLY,valid,9234690380878200010679,9234690380878200010679,799280805,84985,usps_modern,None,USPS_GROUND_ADVANTAGE,7.77,02,shipping web,,,,,default,6243081191702,[],,Primary,115706,0.00,41752,shipping web,2026-04-16T22:09:45,https://tools.usps.com/go/TrackConfirmAction_input?strOrigTrackNum=9234690380878200010679,1,,UNKNOWN,False,,4.4000 lb,1.0000 inch,12.00 inch,20.00 inch
T3JkZXI6Nzk5Mjc1ODk5,2026-04-16T22:14:45,U2hpcHBpbmdMYWJlbDo2MDUzMjI2ODg=,605322688,QWNjb3VudDo4MzY2Mw==,U2hpcG1lbnQ6Nzg0NDE1NjAz,T3JkZXI6Nzk5Mjc1ODk5,49983,POLY BUBBLE #1,valid,9200190380878200005567,9200190380878200005567,799275899,84983,usps_modern,$6.99 Standard shipping (3-5 days),USPS_GROUND_ADVANTAGE,5.00,02,shipping web,,,,,default,6474166468799,[],,Primary,115706,0.00,41752,shipping web,2026-04-16T22:14:45,https://tools.usps.com/go/TrackConfirmAction_input?strOrigTrackNum=9200190380878200005567,1,,UNKNOWN,False,,0.1875 lb,2.0000 inch,7.10 inch,10.70 inch
T3JkZXI6Nzk5Mjc1NDk4,2026-04-16T22:15:14,U2hpcHBpbmdMYWJlbDo2MDUzMjI4MDg=,605322808,QWNjb3VudDo4MzY2Mw==,U2hpcG1lbnQ6Nzg0NDE1NzU4,T3JkZXI6Nzk5Mjc1NDk4,49983,POLY BUBBLE #1,valid,9200190380878200005574,9200190380878200005574,799275498,84983,usps_modern,$6.99 Standard shipping (3-5 days),USPS_GROUND_ADVANTAGE,6.24,02,shipping web,,,,,default,6474167189695,[],,Primary,115706,0.00,41752,shipping web,2026-04-16T22:15:14,https://tools.usps.com/go/TrackConfirmAction_input?strOrigTrackNum=9200190380878200005574,1,,UNKNOWN,False,,0.3675 lb,2.0000 inch,7.10 inch,10.70 inch
T3JkZXI6Nzk5MzM5MzE5,2026-04-17T14:22:33,U2hpcHBpbmdMYWJlbDo2MDU1MzczODg=,605537388,QWNjb3VudDo4MzY2Mw==,U2hpcG1lbnQ6Nzg0NjcyMTEz,T3JkZXI6Nzk5MzM5MzE5,48203,8X4X4,valid,9234690380878200010686,9234690380878200010686,799339319,84983,usps_modern,Free Standard Shipping (3-5 days),USPS_GROUND_ADVANTAGE,9.38,02,shipping web,,,,,default,6475274354879,[],,Primary,115706,0.00,41752,shipping web,2026-04-17T14:22:33,https://tools.usps.com/go/TrackConfirmAction_input?strOrigTrackNum=9234690380878200010686,1,,UNKNOWN,False,,2.3300 lb,4.0000 inch,4.00 inch,8.00 inch
T3JkZXI6Nzk5MzQ1OTEz,2026-04-17T14:23:58,U2hpcHBpbmdMYWJlbDo2MDU1Mzg3ODM=,605538783,QWNjb3VudDo4MzY2Mw==,U2hpcG1lbnQ6Nzg0NjczNTQy,T3JkZXI6Nzk5MzQ1OTEz,48203,8X4X4,valid,9234690380878200010693,9234690380878200010693,799345913,84983,usps_modern,Free Standard Shipping (3-5 days),USPS_GROUND_ADVANTAGE,8.83,02,shipping web,,,,,default,6475283562687,[],,Primary,115706,0.00,41752,shipping web,2026-04-17T14:23:58,https://tools.usps.com/go/TrackConfirmAction_input?strOrigTrackNum=9234690380878200010693,1,,UNKNOWN,False,,2.3194 lb,4.0000 inch,4.00 inch,8.00 inch
T3JkZXI6Nzk5Mzc4Mjg0,2026-04-17T14:24:43,U2hpcHBpbmdMYWJlbDo2MDU1MzkzMDU=,605539305,QWNjb3VudDo4MzY2Mw==,U2hpcG1lbnQ6Nzg0Njc0MTE3,T3JkZXI6Nzk5Mzc4Mjg0,48203,8X4X4,valid,9234690380878200010709,9234690380878200010709,799378284,84983,usps_modern,Free Standard Shipping (3-5 days),USPS_GROUND_ADVANTAGE,8.35,02,shipping web,,,,,default,6475285168319,[],,Primary,115706,0.00,41752,shipping web,2026-04-17T14:24:43,https://tools.usps.com/go/TrackConfirmAction_input?strOrigTrackNum=9234690380878200010709,1,,UNKNOWN,False,,2.2700 lb,4.0000 inch,4.00 inch,8.00 inch
T3JkZXI6Nzk5NDMxMTYy,2026-04-17T14:27:14,U2hpcHBpbmdMYWJlbDo2MDU1NDExNTc=,605541157,QWNjb3VudDo4MzY2Mw==,U2hpcG1lbnQ6Nzg0Njc2NjIx,T3JkZXI6Nzk5NDMxMTYy,48203,8X4X4,valid,9234690380878200010716,9234690380878200010716,799431162,84983,usps_modern,Free Standard Shipping (3-5 days),USPS_GROUND_ADVANTAGE,8.83,02,shipping web,,,,,default,6475292147903,[],,Primary,115706,0.00,41752,shipping web,2026-04-17T14:27:14,https://tools.usps.com/go/TrackConfirmAction_input?strOrigTrackNum=9234690380878200010716,1,,UNKNOWN,False,,2.3194 lb,4.0000 inch,4.00 inch,8.00 inch
T3JkZXI6Nzk5NTg3MjE1,2026-04-17T14:29:30,U2hpcHBpbmdMYWJlbDo2MDU1NDMwNDg=,605543048,QWNjb3VudDo4MzY2Mw==,U2hpcG1lbnQ6Nzg0Njc4OTIy,T3JkZXI6Nzk5NTg3MjE1,46863,10X8X4,valid,9234690380878200010723,9234690380878200010723,799587215,84983,usps_modern,Free Standard Shipping (3-5 days),USPS_GROUND_ADVANTAGE,8.65,02,shipping web,,,,,default,6475296637119,[],,Primary,115706,0.00,41752,shipping web,2026-04-17T14:29:30,https://tools.usps.com/go/TrackConfirmAction_input?strOrigTrackNum=9234690380878200010723,1,,UNKNOWN,False,,2.0775 lb,4.0000 inch,8.00 inch,10.00 inch
T3JkZXI6Nzk5NjMzMjMw,2026-04-17T14:59:10,U2hpcHBpbmdMYWJlbDo2MDU1Njk3ODM=,605569783,QWNjb3VudDo4MzY2Mw==,U2hpcG1lbnQ6Nzg0NzA3MDA4,T3JkZXI6Nzk5NjMzMjMw,46863,10X8X4,valid,9234690380878200010730,9234690380878200010730,799633230,84983,usps_modern,Free Standard Shipping (3-5 days),USPS_GROUND_ADVANTAGE,8.65,02,shipping web,,,,,default,6475373478079,[],,Primary,115706,0.00,41752,shipping web,2026-04-17T14:59:10,https://tools.usps.com/go/TrackConfirmAction_input?strOrigTrackNum=9234690380878200010730,1,,UNKNOWN,False,,2.0675 lb,4.0000 inch,8.00 inch,10.00 inch
T3JkZXI6Nzk5NDAzNDEx,2026-04-17T15:05:08,U2hpcHBpbmdMYWJlbDo2MDU1NzQyOTc=,605574297,QWNjb3VudDo4MzY2Mw==,U2hpcG1lbnQ6Nzg0NzExNzkw,T3JkZXI6Nzk5NDAzNDEx,46874,S-POLY,valid,9234690380878200010747,9234690380878200010747,799403411,84985,usps_modern,None,USPS_GROUND_ADVANTAGE,7.57,02,shipping web,,,,,default,6244842995990,[],,Primary,115706,0.00,41752,shipping web,2026-04-17T15:05:08,https://tools.usps.com/go/TrackConfirmAction_input?strOrigTrackNum=9234690380878200010747,1,,UNKNOWN,False,,1.0200 lb,2.0000 inch,10.00 inch,12.00 inch
T3JkZXI6Nzg4MzA5MTY2,2026-04-17T15:09:21,U2hpcHBpbmdMYWJlbDo2MDU1NzcwMjU=,605577025,QWNjb3VudDo4MzY2Mw==,U2hpcG1lbnQ6Nzg0NzE0OTIy,T3JkZXI6Nzg4MzA5MTY2,56814,L-POLY,valid,9234690380878200010754,9234690380878200010754,788309166,84985,usps_modern,None,USPS_GROUND_ADVANTAGE,7.57,02,shipping web,,,,,default,6244851679510,[],,Primary,115706,0.00,41752,shipping web,2026-04-17T15:09:21,https://tools.usps.com/go/TrackConfirmAction_input?strOrigTrackNum=9234690380878200010754,1,,UNKNOWN,False,,5.7000 lb,1.0000 inch,12.00 inch,20.00 inch
T3JkZXI6Nzk5NDU5MzM0,2026-04-17T15:13:37,U2hpcHBpbmdMYWJlbDo2MDU1ODA0NDQ=,605580444,QWNjb3VudDo4MzY2Mw==,U2hpcG1lbnQ6Nzg0NzE4NTI1,T3JkZXI6Nzk5NDU5MzM0,56814,L-POLY,valid,9234690380878200010761,9234690380878200010761,799459334,85157,usps_modern,Standard Shipping,USPS_GROUND_ADVANTAGE,8.09,02,shipping web,,,,,default,6099810877664,[],,Primary,115706,0.00,41752,shipping web,2026-04-17T15:13:37,https://tools.usps.com/go/TrackConfirmAction_input?strOrigTrackNum=9234690380878200010761,1,,UNKNOWN,False,,7.1500 lb,1.0000 inch,12.00 inch,20.00 inch
T3JkZXI6Nzk5NDA5NDUx,2026-04-17T15:50:20,U2hpcHBpbmdMYWJlbDo2MDU2MTE4Nzk=,605611879,QWNjb3VudDo4MzY2Mw==,U2hpcG1lbnQ6Nzg0NzUyNjI1,T3JkZXI6Nzk5NDA5NDUx,46875,M-POLY,valid,9234690380878200010778,9234690380878200010778,799409451,84984,usps_modern,Fast,USPS_GROUND_ADVANTAGE,6.83,02,shipping web,,,,,default,6653505831082,[],,Primary,115706,0.00,41752,shipping web,2026-04-17T15:50:20,https://tools.usps.com/go/TrackConfirmAction_input?strOrigTrackNum=9234690380878200010778,1,,UNKNOWN,False,,1.0400 lb,2.0000 inch,14.50 inch,16.00 inch
T3JkZXI6Nzk5MzE3NTA2,2026-04-17T15:52:53,U2hpcHBpbmdMYWJlbDo2MDU2MTQwMzg=,605614038,QWNjb3VudDo4MzY2Mw==,U2hpcG1lbnQ6Nzg0NzU1MDA2,T3JkZXI6Nzk5MzE3NTA2,46875,M-POLY,valid,9234690380878200010785,9234690380878200010785,799317506,84985,usps_modern,Economy,USPS_GROUND_ADVANTAGE,7.00,02,shipping web,,,,,default,6244960174358,[],,Primary,115706,0.00,41752,shipping web,2026-04-17T15:52:53,https://tools.usps.com/go/TrackConfirmAction_input?strOrigTrackNum=9234690380878200010785,1,,UNKNOWN,False,,2.0400 lb,2.0000 inch,14.50 inch,16.00 inch
T3JkZXI6Nzk5NDEyMTA2,2026-04-17T15:55:57,U2hpcHBpbmdMYWJlbDo2MDU2MTY3NzE=,605616771,QWNjb3VudDo4MzY2Mw==,U2hpcG1lbnQ6Nzg0NzU3ODg3,T3JkZXI6Nzk5NDEyMTA2,56814,L-POLY,valid,9234690380878200010792,9234690380878200010792,799412106,85157,usps_modern,Standard Shipping,USPS_GROUND_ADVANTAGE,11.92,02,shipping web,,,,,default,6099911278816,[],,Primary,115706,0.00,41752,shipping web,2026-04-17T15:55:57,https://tools.usps.com/go/TrackConfirmAction_input?strOrigTrackNum=9234690380878200010792,1,,UNKNOWN,False,,1.5562 lb,1.0000 inch,12.00 inch,20.00 inch
T3JkZXI6NzkxMzAyNDI0,2026-04-17T16:40:27,U2hpcHBpbmdMYWJlbDo2MDU2NTIyNzM=,605652273,QWNjb3VudDo4MzY2Mw==,U2hpcG1lbnQ6Nzg0ODAxNjg5,T3JkZXI6NzkxMzAyNDI0,46875,M-POLY,valid,9234690380878200010808,9234690380878200010808,791302424,84985,usps_modern,Economy,USPS_GROUND_ADVANTAGE,7.41,02,shipping web,,,,,default,6245083676950,[],,Primary,115706,0.00,41752,shipping web,2026-04-17T16:40:27,https://tools.usps.com/go/TrackConfirmAction_input?strOrigTrackNum=9234690380878200010808,1,,UNKNOWN,False,,2.0400 lb,2.0000 inch,14.50 inch,16.00 inch
T3JkZXI6NzkxMjMyMzcy,2026-04-17T16:48:37,U2hpcHBpbmdMYWJlbDo2MDU2NTgwODY=,605658086,QWNjb3VudDo4MzY2Mw==,U2hpcG1lbnQ6Nzg0ODA4MTgx,T3JkZXI6NzkxMjMyMzcy,46875,M-POLY,valid,9234690380878200010815,9234690380878200010815,791232372,84985,usps_modern,Economy,USPS_GROUND_ADVANTAGE,8.16,02,shipping web,,,,,default,6245094981910,[],,Primary,115706,0.00,41752,shipping web,2026-04-17T16:48:37,https://tools.usps.com/go/TrackConfirmAction_input?strOrigTrackNum=9234690380878200010815,1,,UNKNOWN,False,,3.8400 lb,2.0000 inch,14.50 inch,16.00 inch
T3JkZXI6Nzk5MzEyMjYx,2026-04-17T16:51:53,U2hpcHBpbmdMYWJlbDo2MDU2NjA0MzY=,605660436,QWNjb3VudDo4MzY2Mw==,U2hpcG1lbnQ6Nzg0ODEwNjEw,T3JkZXI6Nzk5MzEyMjYx,46863,10X8X4,valid,9234690380878200010822,9234690380878200010822,799312261,84983,usps_modern,Free Standard Shipping (3-5 days),USPS_GROUND_ADVANTAGE,10.96,02,shipping web,,,,,default,6475620810943,[],,Primary,115706,0.00,41752,shipping web,2026-04-17T16:51:53,https://tools.usps.com/go/TrackConfirmAction_input?strOrigTrackNum=9234690380878200010822,1,,UNKNOWN,False,,2.6800 lb,4.0000 inch,8.00 inch,10.00 inch
T3JkZXI6Nzk5NDIzNzAx,2026-04-17T16:55:09,U2hpcHBpbmdMYWJlbDo2MDU2NjI3Mjc=,605662727,QWNjb3VudDo4MzY2Mw==,U2hpcG1lbnQ6Nzg0ODEzMDQ2,T3JkZXI6Nzk5NDIzNzAx,46863,10X8X4,valid,9234690380878200010839,9234690380878200010839,799423701,84983,usps_modern,Free Standard Shipping (3-5 days),USPS_GROUND_ADVANTAGE,6.68,02,shipping web,,,,,default,6475627823295,[],,Primary,115706,0.00,41752,shipping web,2026-04-17T16:55:09,https://tools.usps.com/go/TrackConfirmAction_input?strOrigTrackNum=9234690380878200010839,1,,UNKNOWN,False,,2.4925 lb,4.0000 inch,8.00 inch,10.00 inch
T3JkZXI6NzkxMjI5Mjk4,2026-04-17T16:56:06,U2hpcHBpbmdMYWJlbDo2MDU2NjM1NTE=,605663551,QWNjb3VudDo4MzY2Mw==,U2hpcG1lbnQ6Nzg0ODEzOTI1,T3JkZXI6NzkxMjI5Mjk4,46875,M-POLY,valid,9234690380878200010846,9234690380878200010846,791229298,84985,usps_modern,Economy,USPS_GROUND_ADVANTAGE,7.00,02,shipping web,,,,,default,6245106680086,[],,Primary,115706,0.00,41752,shipping web,2026-04-17T16:56:06,https://tools.usps.com/go/TrackConfirmAction_input?strOrigTrackNum=9234690380878200010846,1,,UNKNOWN,False,,2.0400 lb,2.0000 inch,14.50 inch,16.00 inch
T3JkZXI6Nzk5NTk4Njcy,2026-04-17T17:00:30,U2hpcHBpbmdMYWJlbDo2MDU2NjY1MTE=,605666511,QWNjb3VudDo4MzY2Mw==,U2hpcG1lbnQ6Nzg0ODE3MDgz,T3JkZXI6Nzk5NTk4Njcy,49981,POLY BUBBLE #00,valid,9200190380878200005581,9200190380878200005581,799598672,84983,usps_modern,$6.99 Standard shipping (3-5 days),USPS_GROUND_ADVANTAGE,5.07,02,shipping web,,,,,default,6475635032255,[],,Primary,115706,0.00,41752,shipping web,2026-04-17T17:00:30,https://tools.usps.com/go/TrackConfirmAction_input?strOrigTrackNum=9200190380878200005581,1,,UNKNOWN,False,,0.2200 lb,2.0000 inch,4.80 inch,8.65 inch
T3JkZXI6Nzk5NzA4NTky,2026-04-17T17:11:33,U2hpcHBpbmdMYWJlbDo2MDU2NzI4MzA=,605672830,QWNjb3VudDo4MzY2Mw==,U2hpcG1lbnQ6Nzg0ODI0MTYw,T3JkZXI6Nzk5NzA4NTky,48203,8X4X4,valid,9234690380878200010853,9234690380878200010853,799708592,84983,usps_modern,Free Standard Shipping (3-5 days),USPS_GROUND_ADVANTAGE,6.19,02,shipping web,,,,,default,6475661770943,[],,Primary,115706,0.00,41752,shipping web,2026-04-17T17:11:33,https://tools.usps.com/go/TrackConfirmAction_input?strOrigTrackNum=9234690380878200010853,1,,UNKNOWN,False,,2.2300 lb,4.0000 inch,4.00 inch,8.00 inch
T3JkZXI6Nzk3ODUyMjgy,2026-04-17T17:27:22,U2hpcHBpbmdMYWJlbDo2MDU2ODMwMjY=,605683026,QWNjb3VudDo4MzY2Mw==,U2hpcG1lbnQ6Nzg0ODM1MzMw,T3JkZXI6Nzk3ODUyMjgy,56814,L-POLY,valid,9234690380878200010860,9234690380878200010860,797852282,85157,usps_modern,Standard Shipping,USPS_GROUND_ADVANTAGE,8.16,02,shipping web,,,,,default,6100078067936,[],,Primary,115706,0.00,41752,shipping web,2026-04-17T17:27:22,https://tools.usps.com/go/TrackConfirmAction_input?strOrigTrackNum=9234690380878200010860,1,,UNKNOWN,False,,3.1875 lb,1.0000 inch,12.00 inch,20.00 inch
T3JkZXI6NzkyMzg5NDI3,2026-04-17T17:29:02,U2hpcHBpbmdMYWJlbDo2MDU2ODQyODg=,605684288,QWNjb3VudDo4MzY2Mw==,U2hpcG1lbnQ6Nzg0ODM2Nzc0,T3JkZXI6NzkyMzg5NDI3,56814,L-POLY,valid,9234690380878200010877,9234690380878200010877,792389427,84985,usps_modern,Economy,USPS_GROUND_ADVANTAGE,8.16,02,shipping web,,,,,default,6245175755030,[],,Primary,115706,0.00,41752,shipping web,2026-04-17T17:29:02,https://tools.usps.com/go/TrackConfirmAction_input?strOrigTrackNum=9234690380878200010877,1,,UNKNOWN,False,,3.9000 lb,1.0000 inch,12.00 inch,20.00 inch
T3JkZXI6Nzk2MjI0NTc4,2026-04-17T17:32:30,U2hpcHBpbmdMYWJlbDo2MDU2ODczNTg=,605687358,QWNjb3VudDo4MzY2Mw==,U2hpcG1lbnQ6Nzg0ODQwMjA3,T3JkZXI6Nzk2MjI0NTc4,56814,L-POLY,valid,9234690380878200010884,9234690380878200010884,796224578,84985,usps_modern,Economy,USPS_GROUND_ADVANTAGE,7.41,02,shipping web,,,,,default,6245183848726,[],,Primary,115706,0.00,41752,shipping web,2026-04-17T17:32:30,https://tools.usps.com/go/TrackConfirmAction_input?strOrigTrackNum=9234690380878200010884,1,,UNKNOWN,False,,2.1000 lb,1.0000 inch,12.00 inch,20.00 inch
T3JkZXI6NzkyNTY5NDQw,2026-04-17T17:36:20,U2hpcHBpbmdMYWJlbDo2MDU2OTA5MDc=,605690907,QWNjb3VudDo4MzY2Mw==,U2hpcG1lbnQ6Nzg0ODQzODk2,T3JkZXI6NzkyNTY5NDQw,56814,L-POLY,valid,9234690380878200010891,9234690380878200010891,792569440,84985,usps_modern,Economy,USPS_GROUND_ADVANTAGE,7.41,02,shipping web,,,,,default,6245195972886,[],,Primary,115706,0.00,41752,shipping web,2026-04-17T17:36:20,https://tools.usps.com/go/TrackConfirmAction_input?strOrigTrackNum=9234690380878200010891,1,,UNKNOWN,False,,2.1000 lb,1.0000 inch,12.00 inch,20.00 inch
T3JkZXI6NzkxODMzMjkz,2026-04-17T17:38:02,U2hpcHBpbmdMYWJlbDo2MDU2OTE5OTY=,605691996,QWNjb3VudDo4MzY2Mw==,U2hpcG1lbnQ6Nzg0ODQ1MTgy,T3JkZXI6NzkxODMzMjkz,56814,L-POLY,valid,9234690380878200010907,9234690380878200010907,791833293,84985,usps_modern,Economy,USPS_GROUND_ADVANTAGE,7.41,02,shipping web,,,,,default,6245197971734,[],,Primary,115706,0.00,41752,shipping web,2026-04-17T17:38:02,https://tools.usps.com/go/TrackConfirmAction_input?strOrigTrackNum=9234690380878200010907,1,,UNKNOWN,False,,2.1000 lb,1.0000 inch,12.00 inch,20.00 inch
T3JkZXI6Nzk2ODUwNDMx,2026-04-17T17:40:17,U2hpcHBpbmdMYWJlbDo2MDU2OTM0NDU=,605693445,QWNjb3VudDo4MzY2Mw==,U2hpcG1lbnQ6Nzg0ODQ2NzIz,T3JkZXI6Nzk2ODUwNDMx,56814,L-POLY,valid,9234690380878200010914,9234690380878200010914,796850431,84985,usps_modern,Economy,USPS_GROUND_ADVANTAGE,7.41,02,shipping web,,,,,default,6245199479062,[],,Primary,115706,0.00,41752,shipping web,2026-04-17T17:40:17,https://tools.usps.com/go/TrackConfirmAction_input?strOrigTrackNum=9234690380878200010914,1,,UNKNOWN,False,,2.1000 lb,1.0000 inch,12.00 inch,20.00 inch
T3JkZXI6Nzk5NzEzODgx,2026-04-17T17:58:02,U2hpcHBpbmdMYWJlbDo2MDU3MDU1ODI=,605705582,QWNjb3VudDo4MzY2Mw==,U2hpcG1lbnQ6Nzg0ODU5MTU1,T3JkZXI6Nzk5NzEzODgx,56814,L-POLY,valid,9234690380878200010921,9234690380878200010921,799713881,85157,usps_modern,Standard Shipping,USPS_GROUND_ADVANTAGE,11.92,02,shipping web,,,,,default,6100147470560,[],,Primary,115706,0.00,41752,shipping web,2026-04-17T17:58:02,https://tools.usps.com/go/TrackConfirmAction_input?strOrigTrackNum=9234690380878200010921,1,,UNKNOWN,False,,1.4250 lb,1.0000 inch,12.00 inch,20.00 inch
T3JkZXI6Nzk5NzM2NTM0,2026-04-17T18:15:53,U2hpcHBpbmdMYWJlbDo2MDU3MTczMzU=,605717335,QWNjb3VudDo4MzY2Mw==,U2hpcG1lbnQ6Nzg0ODcyMDM4,T3JkZXI6Nzk5NzM2NTM0,49982,POLY BUBBLE #0,valid,9200190380878200005598,9200190380878200005598,799736534,84983,usps_modern,$6.99 Standard shipping (3-5 days),USPS_GROUND_ADVANTAGE,5.45,02,shipping web,,,,,default,6475816501439,[],,Primary,115706,0.00,41752,shipping web,2026-04-17T18:15:53,https://tools.usps.com/go/TrackConfirmAction_input?strOrigTrackNum=9200190380878200005598,1,,UNKNOWN,False,,0.4700 lb,2.0000 inch,5.80 inch,8.70 inch
T3JkZXI6Nzk5NzI5ODY5,2026-04-17T18:16:35,U2hpcHBpbmdMYWJlbDo2MDU3MTc3NDk=,605717749,QWNjb3VudDo4MzY2Mw==,U2hpcG1lbnQ6Nzg0ODcyNDcx,T3JkZXI6Nzk5NzI5ODY5,48204,POLY BUBBLE #2,valid,9234690380878200010938,9234690380878200010938,799729869,84983,usps_modern,Free Standard Shipping (3-5 days),USPS_GROUND_ADVANTAGE,8.65,02,shipping web,,,,,default,6475819024575,[],,Primary,115706,0.00,41752,shipping web,2026-04-17T18:16:35,https://tools.usps.com/go/TrackConfirmAction_input?strOrigTrackNum=9234690380878200010938,1,,UNKNOWN,False,,1.1200 lb,2.0000 inch,8.38 inch,10.75 inch
T3JkZXI6Nzk5NzQxOTg4,2026-04-17T18:25:57,U2hpcHBpbmdMYWJlbDo2MDU3MjM0NTM=,605723453,QWNjb3VudDo4MzY2Mw==,U2hpcG1lbnQ6Nzg0ODc4NjMy,T3JkZXI6Nzk5NzQxOTg4,49983,POLY BUBBLE #1,valid,9200190380878200005604,9200190380878200005604,799741988,84983,usps_modern,Free Standard Shipping (3-5 days),USPS_GROUND_ADVANTAGE,6.09,02,shipping web,,,,,default,6475830165695,[],,Primary,115706,0.00,41752,shipping web,2026-04-17T18:25:57,https://tools.usps.com/go/TrackConfirmAction_input?strOrigTrackNum=9200190380878200005604,1,,UNKNOWN,False,,0.6775 lb,2.0000 inch,7.10 inch,10.70 inch
T3JkZXI6Nzk5NzQyMDgz,2026-04-17T18:32:42,U2hpcHBpbmdMYWJlbDo2MDU3Mjc2NDM=,605727643,QWNjb3VudDo4MzY2Mw==,U2hpcG1lbnQ6Nzg0ODgzMzM2,T3JkZXI6Nzk5NzQyMDgz,49983,POLY BUBBLE #1,valid,9200190380878200005611,9200190380878200005611,799742083,84983,usps_modern,Free Standard Shipping (3-5 days),USPS_GROUND_ADVANTAGE,6.60,02,shipping web,,,,,default,6475838849215,[],,Primary,115706,0.00,41752,shipping web,2026-04-17T18:32:42,https://tools.usps.com/go/TrackConfirmAction_input?strOrigTrackNum=9200190380878200005611,1,,UNKNOWN,False,,0.6175 lb,2.0000 inch,7.10 inch,10.70 inch
T3JkZXI6Nzk5NzQyMjEz,2026-04-17T18:46:57,U2hpcHBpbmdMYWJlbDo2MDU3MzU3NzE=,605735771,QWNjb3VudDo4MzY2Mw==,U2hpcG1lbnQ6Nzg0ODkyNTU5,T3JkZXI6Nzk5NzQyMjEz,49983,POLY BUBBLE #1,valid,9200190380878200005628,9200190380878200005628,799742213,84983,usps_modern,$6.99 Standard shipping (3-5 days),USPS_GROUND_ADVANTAGE,5.52,02,shipping web,,,,,default,6475891638463,[],,Primary,115706,0.00,41752,shipping web,2026-04-17T18:46:57,https://tools.usps.com/go/TrackConfirmAction_input?strOrigTrackNum=9200190380878200005628,1,,UNKNOWN,False,,0.3175 lb,2.0000 inch,7.10 inch,10.70 inch
T3JkZXI6Nzk5NzQyNzMw,2026-04-17T18:48:32,U2hpcHBpbmdMYWJlbDo2MDU3MzY2MjE=,605736621,QWNjb3VudDo4MzY2Mw==,U2hpcG1lbnQ6Nzg0ODkzNTQx,T3JkZXI6Nzk5NzQyNzMw,49982,POLY BUBBLE #0,valid,9200190380878200005635,9200190380878200005635,799742730,84983,usps_modern,Free Standard Shipping (3-5 days),USPS_GROUND_ADVANTAGE,6.60,02,shipping web,,,,,default,6475896422591,[],,Primary,115706,0.00,41752,shipping web,2026-04-17T18:48:32,https://tools.usps.com/go/TrackConfirmAction_input?strOrigTrackNum=9200190380878200005635,1,,UNKNOWN,False,,0.5200 lb,2.0000 inch,5.80 inch,8.70 inch
T3JkZXI6Nzk1MTE4NDQy,2026-04-17T21:38:17,U2hpcHBpbmdMYWJlbDo2MDU4MDgwMTQ=,605808014,QWNjb3VudDo4MzY2Mw==,U2hpcG1lbnQ6Nzg0OTc2MTE2,T3JkZXI6Nzk1MTE4NDQy,46863,10X8X4,valid,9234690380878200010945,9234690380878200010945,795118442,84983,usps_modern,Free Standard Shipping (3-5 days),USPS_GROUND_ADVANTAGE,7.52,02,shipping web,,,,,default,6476240060607,[],,Primary,115706,0.00,41752,shipping web,2026-04-17T21:38:17,https://tools.usps.com/go/TrackConfirmAction_input?strOrigTrackNum=9234690380878200010945,1,,UNKNOWN,False,,2.5275 lb,4.0000 inch,8.00 inch,10.00 inch
T3JkZXI6Nzk5ODI5NTc1,2026-04-17T21:50:19,U2hpcHBpbmdMYWJlbDo2MDU4MTA5Mjg=,605810928,QWNjb3VudDo4MzY2Mw==,U2hpcG1lbnQ6Nzg0OTc5NDc4,T3JkZXI6Nzk5ODI5NTc1,48203,8X4X4,valid,9234690380878200010952,9234690380878200010952,799829575,84983,usps_modern,Free Standard Shipping (3-5 days),USPS_GROUND_ADVANTAGE,8.10,02,shipping web,,,,,default,6476252807359,[],,Primary,115706,0.00,41752,shipping web,2026-04-17T21:50:19,https://tools.usps.com/go/TrackConfirmAction_input?strOrigTrackNum=9234690380878200010952,1,,UNKNOWN,False,,2.2000 lb,4.0000 inch,4.00 inch,8.00 inch
T3JkZXI6Nzk5ODY1NjE3,2026-04-17T21:54:43,U2hpcHBpbmdMYWJlbDo2MDU4MTE5MDc=,605811907,QWNjb3VudDo4MzY2Mw==,U2hpcG1lbnQ6Nzg0OTgwNTc1,T3JkZXI6Nzk5ODY1NjE3,49981,POLY BUBBLE #00,valid,9200190380878200005642,9200190380878200005642,799865617,84983,usps_modern,None,USPS_GROUND_ADVANTAGE,4.88,02,shipping web,,,,,default,6476255330495,[],,Primary,115706,0.00,41752,shipping web,2026-04-17T21:54:43,https://tools.usps.com/go/TrackConfirmAction_input?strOrigTrackNum=9200190380878200005642,1,,UNKNOWN,False,,0.1900 lb,2.0000 inch,4.80 inch,8.65 inch
T3JkZXI6Nzk5ODkyNDE5,2026-04-17T22:11:08,U2hpcHBpbmdMYWJlbDo2MDU4MTUzMjY=,605815326,QWNjb3VudDo4MzY2Mw==,U2hpcG1lbnQ6Nzg0OTg0NjQw,T3JkZXI6Nzk5ODkyNDE5,46863,10X8X4,valid,9234690380878200010969,9234690380878200010969,799892419,84983,usps_modern,Free Standard Shipping (3-5 days),USPS_GROUND_ADVANTAGE,9.65,02,shipping web,,,,,default,6476273909951,[],,Primary,115706,0.00,41752,shipping web,2026-04-17T22:11:08,https://tools.usps.com/go/TrackConfirmAction_input?strOrigTrackNum=9234690380878200010969,1,,UNKNOWN,False,,2.0775 lb,4.0000 inch,8.00 inch,10.00 inch
